Delta,energy_variance,resolved,r_star,error_at_r_star,fidelity_at_r_star,error_at_r_max,fidelity_at_r_max,best_r_in_scan,best_error_in_scan,empirical_rule_resolved,empirical_rule_r,empirical_rule_error,empirical_rule_status,family,family_kind,instance_id,N,t,eps,theta,r_max,r_value_for_plot,censored_for_plot,num_terms,num_identity_terms,num_nonidentity_terms,num_single_site_terms,num_two_site_terms,distinct_qubit_pairs,coeff_rms,coeff_l1,coeff_l2,noncommuting_pairs,worst_case_rule_name,worst_case_rule_r,worst_case_rule_status,worst_case_rule_commutator_sum,worst_case_rule_formula,worst_case_rule_rigorous_for_current_metric,low_energy_rule_name,low_energy_rule_r,low_energy_rule_status,low_energy_rule_missing_inputs,low_energy_rule_rigorous_for_current_metric,resource_model,step_dt,identity_term_count_per_step,single_qubit_clifford_count_per_step,cnot_count_per_step,rotation_gate_count_per_step,t_count_estimate_per_step,sequential_layer_proxy_per_step,resource_has_stim,resource_has_pyliqtr,stim_instruction_count_clifford_skeleton_per_step,stim_num_qubits,stim_h,stim_cx,stim_s_dag,stim_s,stim_num_instructions,resource_r,resource_t,identity_term_count_total,single_qubit_clifford_count_total,cnot_count_total,rotation_gate_count_total,t_count_estimate_total,sequential_layer_proxy_total,stim_instruction_count_clifford_skeleton_total,resource_totals_reported,resource_totals_status
1.6933850915467972,25.482181254467832,True,136,0.0009939193771326682,0.9990060806228673,7.268354298695101e-05,0.999927316457013,136,0.0009939193771326682,True,136,0.0009939193771326682,resolved,random two-local,random_baseline,random_1,6,1.0,0.001,0.0,500,136,False,45,0,45,0,45,14,0.821962489621633,28.671388021935623,5.51389200524681,380,first_order_commutator_proxy,153108,proxy_not_certified_for_fidelity,306.2143252651807,"(t^2 / (2 r)) * sum_{a<b} ||[H_a, H_b]|| <= eps",False,placeholder_requires_theorem_specific_input,,missing_theorem_formula_or_constants,"Need the exact low-energy bound to implement, including constants, normalization/energy-shift conventions, and how its accuracy parameter maps onto the notebook's fidelity-error threshold.",False,basis_change_plus_parity_cnot_plus_synthesized_rz,0.007352941176470588,0,182,90,45,4550,317,True,True,199,6,94,45,30,30,199,136,1.0,0,24752,12240,6120,618800,43112,27064,True,reported_at_empirical_r_star
1.8095998267492683,25.297166346869048,True,135,0.0009978812830921946,0.9990021187169078,7.194642822339059e-05,0.9999280535717766,135,0.0009978812830921946,True,135,0.0009978812830921946,resolved,random two-local,random_baseline,random_1,6,1.0,0.001,0.15707963267948966,500,135,False,45,0,45,0,45,14,0.821962489621633,28.671388021935623,5.51389200524681,380,first_order_commutator_proxy,153108,proxy_not_certified_for_fidelity,306.2143252651807,"(t^2 / (2 r)) * sum_{a<b} ||[H_a, H_b]|| <= eps",False,placeholder_requires_theorem_specific_input,,missing_theorem_formula_or_constants,"Need the exact low-energy bound to implement, including constants, normalization/energy-shift conventions, and how its accuracy parameter maps onto the notebook's fidelity-error threshold.",False,basis_change_plus_parity_cnot_plus_synthesized_rz,0.007407407407407408,0,182,90,45,4514,317,True,True,199,6,94,45,30,30,199,135,1.0,0,24570,12150,6075,609390,42795,26865,True,reported_at_empirical_r_star
1.9112329088623696,25.032614849473898,True,136,0.000995374478538813,0.9990046255214612,7.295848033805896e-05,0.9999270415196619,136,0.000995374478538813,True,136,0.000995374478538813,resolved,random two-local,random_baseline,random_1,6,1.0,0.001,0.3141592653589793,500,136,False,45,0,45,0,45,14,0.821962489621633,28.671388021935623,5.51389200524681,380,first_order_commutator_proxy,153108,proxy_not_certified_for_fidelity,306.2143252651807,"(t^2 / (2 r)) * sum_{a<b} ||[H_a, H_b]|| <= eps",False,placeholder_requires_theorem_specific_input,,missing_theorem_formula_or_constants,"Need the exact low-energy bound to implement, including constants, normalization/energy-shift conventions, and how its accuracy parameter maps onto the notebook's fidelity-error threshold.",False,basis_change_plus_parity_cnot_plus_synthesized_rz,0.007352941176470588,0,182,90,45,4550,317,True,True,199,6,94,45,30,30,199,136,1.0,0,24752,12240,6120,618800,43112,27064,True,reported_at_empirical_r_star
1.9883357836895468,24.66999325894899,True,138,0.0009870751146787704,0.9990129248853212,7.466787351739779e-05,0.9999253321264826,138,0.0009870751146787704,True,138,0.0009870751146787704,resolved,random two-local,random_baseline,random_1,6,1.0,0.001,0.47123889803846897,500,138,False,45,0,45,0,45,14,0.821962489621633,28.671388021935623,5.51389200524681,380,first_order_commutator_proxy,153108,proxy_not_certified_for_fidelity,306.2143252651807,"(t^2 / (2 r)) * sum_{a<b} ||[H_a, H_b]|| <= eps",False,placeholder_requires_theorem_specific_input,,missing_theorem_formula_or_constants,"Need the exact low-energy bound to implement, including constants, normalization/energy-shift conventions, and how its accuracy parameter maps onto the notebook's fidelity-error threshold.",False,basis_change_plus_parity_cnot_plus_synthesized_rz,0.007246376811594203,0,182,90,45,4546,317,True,True,199,6,94,45,30,30,199,138,1.0,0,25116,12420,6210,627348,43746,27462,True,reported_at_empirical_r_star
2.033361084635403,24.31992298104753,True,139,0.0009921399129404485,0.9990078600870596,7.632883650976474e-05,0.9999236711634902,139,0.0009921399129404485,True,139,0.0009921399129404485,resolved,random two-local,random_baseline,random_1,6,1.0,0.001,0.6283185307179586,500,139,False,45,0,45,0,45,14,0.821962489621633,28.671388021935623,5.51389200524681,380,first_order_commutator_proxy,153108,proxy_not_certified_for_fidelity,306.2143252651807,"(t^2 / (2 r)) * sum_{a<b} ||[H_a, H_b]|| <= eps",False,placeholder_requires_theorem_specific_input,,missing_theorem_formula_or_constants,"Need the exact low-energy bound to implement, including constants, normalization/energy-shift conventions, and how its accuracy parameter maps onto the notebook's fidelity-error threshold.",False,basis_change_plus_parity_cnot_plus_synthesized_rz,0.007194244604316547,0,182,90,45,4514,317,True,True,199,6,94,45,30,30,199,139,1.0,0,25298,12510,6255,627446,44063,27661,True,reported_at_empirical_r_star
2.0419014215336366,24.18265655751778,True,140,0.0009919103965925213,0.9990080896034075,7.759161301146289e-05,0.9999224083869885,140,0.0009919103965925213,True,140,0.0009919103965925213,resolved,random two-local,random_baseline,random_1,6,1.0,0.001,0.7853981633974483,500,140,False,45,0,45,0,45,14,0.821962489621633,28.671388021935623,5.51389200524681,380,first_order_commutator_proxy,153108,proxy_not_certified_for_fidelity,306.2143252651807,"(t^2 / (2 r)) * sum_{a<b} ||[H_a, H_b]|| <= eps",False,placeholder_requires_theorem_specific_input,,missing_theorem_formula_or_constants,"Need the exact low-energy bound to implement, including constants, normalization/energy-shift conventions, and how its accuracy parameter maps onto the notebook's fidelity-error threshold.",False,basis_change_plus_parity_cnot_plus_synthesized_rz,0.007142857142857143,0,182,90,45,4548,317,True,True,199,6,94,45,30,30,199,140,1.0,0,25480,12600,6300,636720,44380,27860,True,reported_at_empirical_r_star
2.013120806704623,24.465074838189313,True,140,0.000998969134572203,0.9990010308654278,7.82880259672103e-05,0.9999217119740328,140,0.000998969134572203,True,140,0.000998969134572203,resolved,random two-local,random_baseline,random_1,6,1.0,0.001,0.9424777960769379,500,140,False,45,0,45,0,45,14,0.821962489621633,28.671388021935623,5.51389200524681,380,first_order_commutator_proxy,153108,proxy_not_certified_for_fidelity,306.2143252651807,"(t^2 / (2 r)) * sum_{a<b} ||[H_a, H_b]|| <= eps",False,placeholder_requires_theorem_specific_input,,missing_theorem_formula_or_constants,"Need the exact low-energy bound to implement, including constants, normalization/energy-shift conventions, and how its accuracy parameter maps onto the notebook's fidelity-error threshold.",False,basis_change_plus_parity_cnot_plus_synthesized_rz,0.007142857142857143,0,182,90,45,4548,317,True,True,199,6,94,45,30,30,199,140,1.0,0,25480,12600,6300,636720,44380,27860,True,reported_at_empirical_r_star
1.949836487254159,25.28654691114154,True,140,0.0009985296832254464,0.9990014703167746,7.834906575499012e-05,0.999921650934245,140,0.0009985296832254464,True,140,0.0009985296832254464,resolved,random two-local,random_baseline,random_1,6,1.0,0.001,1.0995574287564276,500,140,False,45,0,45,0,45,14,0.821962489621633,28.671388021935623,5.51389200524681,380,first_order_commutator_proxy,153108,proxy_not_certified_for_fidelity,306.2143252651807,"(t^2 / (2 r)) * sum_{a<b} ||[H_a, H_b]|| <= eps",False,placeholder_requires_theorem_specific_input,,missing_theorem_formula_or_constants,"Need the exact low-energy bound to implement, including constants, normalization/energy-shift conventions, and how its accuracy parameter maps onto the notebook's fidelity-error threshold.",False,basis_change_plus_parity_cnot_plus_synthesized_rz,0.007142857142857143,0,182,90,45,4548,317,True,True,199,6,94,45,30,30,199,140,1.0,0,25480,12600,6300,636720,44380,27860,True,reported_at_empirical_r_star
1.8582431732978397,26.611091013478507,True,140,0.0009921442876981157,0.9990078557123019,7.789096783961114e-05,0.9999221090321604,140,0.0009921442876981157,True,140,0.0009921442876981157,resolved,random two-local,random_baseline,random_1,6,1.0,0.001,1.2566370614359172,500,140,False,45,0,45,0,45,14,0.821962489621633,28.671388021935623,5.51389200524681,380,first_order_commutator_proxy,153108,proxy_not_certified_for_fidelity,306.2143252651807,"(t^2 / (2 r)) * sum_{a<b} ||[H_a, H_b]|| <= eps",False,placeholder_requires_theorem_specific_input,,missing_theorem_formula_or_constants,"Need the exact low-energy bound to implement, including constants, normalization/energy-shift conventions, and how its accuracy parameter maps onto the notebook's fidelity-error threshold.",False,basis_change_plus_parity_cnot_plus_synthesized_rz,0.007142857142857143,0,182,90,45,4548,317,True,True,199,6,94,45,30,30,199,140,1.0,0,25480,12600,6300,636720,44380,27860,True,reported_at_empirical_r_star
1.7473066565738509,28.233926061882627,True,139,0.0009973394952129677,0.999002660504787,7.718248142807305e-05,0.9999228175185719,139,0.0009973394952129677,True,139,0.0009973394952129677,resolved,random two-local,random_baseline,random_1,6,1.0,0.001,1.413716694115407,500,139,False,45,0,45,0,45,14,0.821962489621633,28.671388021935623,5.51389200524681,380,first_order_commutator_proxy,153108,proxy_not_certified_for_fidelity,306.2143252651807,"(t^2 / (2 r)) * sum_{a<b} ||[H_a, H_b]|| <= eps",False,placeholder_requires_theorem_specific_input,,missing_theorem_formula_or_constants,"Need the exact low-energy bound to implement, including constants, normalization/energy-shift conventions, and how its accuracy parameter maps onto the notebook's fidelity-error threshold.",False,basis_change_plus_parity_cnot_plus_synthesized_rz,0.007194244604316547,0,182,90,45,4514,317,True,True,199,6,94,45,30,30,199,139,1.0,0,25298,12510,6255,627446,44063,27661,True,reported_at_empirical_r_star
1.6278861762792995,29.83021243099524,True,139,0.0009881017490664945,0.9990118982509335,7.642982907896112e-05,0.999923570170921,139,0.0009881017490664945,True,139,0.0009881017490664945,resolved,random two-local,random_baseline,random_1,6,1.0,0.001,1.5707963267948966,500,139,False,45,0,45,0,45,14,0.821962489621633,28.671388021935623,5.51389200524681,380,first_order_commutator_proxy,153108,proxy_not_certified_for_fidelity,306.2143252651807,"(t^2 / (2 r)) * sum_{a<b} ||[H_a, H_b]|| <= eps",False,placeholder_requires_theorem_specific_input,,missing_theorem_formula_or_constants,"Need the exact low-energy bound to implement, including constants, normalization/energy-shift conventions, and how its accuracy parameter maps onto the notebook's fidelity-error threshold.",False,basis_change_plus_parity_cnot_plus_synthesized_rz,0.007194244604316547,0,182,90,45,4514,317,True,True,199,6,94,45,30,30,199,139,1.0,0,25298,12510,6255,627446,44063,27661,True,reported_at_empirical_r_star
1.5116714410768286,31.050250233123414,True,138,0.0009924728822556794,0.9990075271177443,7.560880137558179e-05,0.9999243911986244,138,0.0009924728822556794,True,138,0.0009924728822556794,resolved,random two-local,random_baseline,random_1,6,1.0,0.001,1.7278759594743862,500,138,False,45,0,45,0,45,14,0.821962489621633,28.671388021935623,5.51389200524681,380,first_order_commutator_proxy,153108,proxy_not_certified_for_fidelity,306.2143252651807,"(t^2 / (2 r)) * sum_{a<b} ||[H_a, H_b]|| <= eps",False,placeholder_requires_theorem_specific_input,,missing_theorem_formula_or_constants,"Need the exact low-energy bound to implement, including constants, normalization/energy-shift conventions, and how its accuracy parameter maps onto the notebook's fidelity-error threshold.",False,basis_change_plus_parity_cnot_plus_synthesized_rz,0.007246376811594203,0,182,90,45,4546,317,True,True,199,6,94,45,30,30,199,138,1.0,0,25116,12420,6210,627348,43746,27462,True,reported_at_empirical_r_star
1.4100383589637275,31.62759951057621,True,137,0.0009931454652452043,0.9990068545347548,7.450097706607206e-05,0.9999254990229339,137,0.0009931454652452043,True,137,0.0009931454652452043,resolved,random two-local,random_baseline,random_1,6,1.0,0.001,1.8849555921538759,500,137,False,45,0,45,0,45,14,0.821962489621633,28.671388021935623,5.51389200524681,380,first_order_commutator_proxy,153108,proxy_not_certified_for_fidelity,306.2143252651807,"(t^2 / (2 r)) * sum_{a<b} ||[H_a, H_b]|| <= eps",False,placeholder_requires_theorem_specific_input,,missing_theorem_formula_or_constants,"Need the exact low-energy bound to implement, including constants, normalization/energy-shift conventions, and how its accuracy parameter maps onto the notebook's fidelity-error threshold.",False,basis_change_plus_parity_cnot_plus_synthesized_rz,0.0072992700729927005,0,182,90,45,4552,317,True,True,199,6,94,45,30,30,199,137,1.0,0,24934,12330,6165,623624,43429,27263,True,reported_at_empirical_r_star
1.3329354841365486,31.461315646310496,True,136,0.000986479232672477,0.9990135207673275,7.28628471919901e-05,0.999927137152808,136,0.000986479232672477,True,136,0.000986479232672477,resolved,random two-local,random_baseline,random_1,6,1.0,0.001,2.0420352248333655,500,136,False,45,0,45,0,45,14,0.821962489621633,28.671388021935623,5.51389200524681,380,first_order_commutator_proxy,153108,proxy_not_certified_for_fidelity,306.2143252651807,"(t^2 / (2 r)) * sum_{a<b} ||[H_a, H_b]|| <= eps",False,placeholder_requires_theorem_specific_input,,missing_theorem_formula_or_constants,"Need the exact low-energy bound to implement, including constants, normalization/energy-shift conventions, and how its accuracy parameter maps onto the notebook's fidelity-error threshold.",False,basis_change_plus_parity_cnot_plus_synthesized_rz,0.007352941176470588,0,182,90,45,4550,317,True,True,199,6,94,45,30,30,199,136,1.0,0,24752,12240,6120,618800,43112,27064,True,reported_at_empirical_r_star
1.287910183190694,30.64280114146789,True,133,0.0009999765758895718,0.9990000234241104,7.058665409864773e-05,0.9999294133459014,133,0.0009999765758895718,True,133,0.0009999765758895718,resolved,random two-local,random_baseline,random_1,6,1.0,0.001,2.199114857512855,500,133,False,45,0,45,0,45,14,0.821962489621633,28.671388021935623,5.51389200524681,380,first_order_commutator_proxy,153108,proxy_not_certified_for_fidelity,306.2143252651807,"(t^2 / (2 r)) * sum_{a<b} ||[H_a, H_b]|| <= eps",False,placeholder_requires_theorem_specific_input,,missing_theorem_formula_or_constants,"Need the exact low-energy bound to implement, including constants, normalization/energy-shift conventions, and how its accuracy parameter maps onto the notebook's fidelity-error threshold.",False,basis_change_plus_parity_cnot_plus_synthesized_rz,0.007518796992481203,0,182,90,45,4522,317,True,True,199,6,94,45,30,30,199,133,1.0,0,24206,11970,5985,601426,42161,26467,True,reported_at_empirical_r_star
1.279369846292461,29.418163122572423,True,131,0.0009903300814260163,0.999009669918574,6.77886064366362e-05,0.9999322113935634,131,0.0009903300814260163,True,131,0.0009903300814260163,resolved,random two-local,random_baseline,random_1,6,1.0,0.001,2.356194490192345,500,131,False,45,0,45,0,45,14,0.821962489621633,28.671388021935623,5.51389200524681,380,first_order_commutator_proxy,153108,proxy_not_certified_for_fidelity,306.2143252651807,"(t^2 / (2 r)) * sum_{a<b} ||[H_a, H_b]|| <= eps",False,placeholder_requires_theorem_specific_input,,missing_theorem_formula_or_constants,"Need the exact low-energy bound to implement, including constants, normalization/energy-shift conventions, and how its accuracy parameter maps onto the notebook's fidelity-error threshold.",False,basis_change_plus_parity_cnot_plus_synthesized_rz,0.007633587786259542,0,182,90,45,4528,317,True,True,199,6,94,45,30,30,199,131,1.0,0,23842,11790,5895,593168,41527,26069,True,reported_at_empirical_r_star
1.3081504611214747,28.100721947371508,True,128,0.0009922147926362257,0.9990077852073638,6.483088435538242e-05,0.9999351691156446,128,0.0009922147926362257,True,128,0.0009922147926362257,resolved,random two-local,random_baseline,random_1,6,1.0,0.001,2.5132741228718345,500,128,False,45,0,45,0,45,14,0.821962489621633,28.671388021935623,5.51389200524681,380,first_order_commutator_proxy,153108,proxy_not_certified_for_fidelity,306.2143252651807,"(t^2 / (2 r)) * sum_{a<b} ||[H_a, H_b]|| <= eps",False,placeholder_requires_theorem_specific_input,,missing_theorem_formula_or_constants,"Need the exact low-energy bound to implement, including constants, normalization/energy-shift conventions, and how its accuracy parameter maps onto the notebook's fidelity-error threshold.",False,basis_change_plus_parity_cnot_plus_synthesized_rz,0.0078125,0,182,90,45,4538,317,True,True,199,6,94,45,30,30,199,128,1.0,0,23296,11520,5760,580864,40576,25472,True,reported_at_empirical_r_star
1.3714347805719378,26.966452094361642,True,125,0.000999419332405549,0.9990005806675945,6.228420072007523e-05,0.9999377157992799,125,0.000999419332405549,True,125,0.000999419332405549,resolved,random two-local,random_baseline,random_1,6,1.0,0.001,2.670353755551324,500,125,False,45,0,45,0,45,14,0.821962489621633,28.671388021935623,5.51389200524681,380,first_order_commutator_proxy,153108,proxy_not_certified_for_fidelity,306.2143252651807,"(t^2 / (2 r)) * sum_{a<b} ||[H_a, H_b]|| <= eps",False,placeholder_requires_theorem_specific_input,,missing_theorem_formula_or_constants,"Need the exact low-energy bound to implement, including constants, normalization/energy-shift conventions, and how its accuracy parameter maps onto the notebook's fidelity-error threshold.",False,basis_change_plus_parity_cnot_plus_synthesized_rz,0.008,0,182,90,45,4552,317,True,True,199,6,94,45,30,30,199,125,1.0,0,22750,11250,5625,569000,39625,24875,True,reported_at_empirical_r_star
1.4630280945282585,26.170813446815302,True,124,0.0009908158490650187,0.999009184150935,6.079179979734395e-05,0.9999392082002027,124,0.0009908158490650187,True,124,0.0009908158490650187,resolved,random two-local,random_baseline,random_1,6,1.0,0.001,2.827433388230814,500,124,False,45,0,45,0,45,14,0.821962489621633,28.671388021935623,5.51389200524681,380,first_order_commutator_proxy,153108,proxy_not_certified_for_fidelity,306.2143252651807,"(t^2 / (2 r)) * sum_{a<b} ||[H_a, H_b]|| <= eps",False,placeholder_requires_theorem_specific_input,,missing_theorem_formula_or_constants,"Need the exact low-energy bound to implement, including constants, normalization/energy-shift conventions, and how its accuracy parameter maps onto the notebook's fidelity-error threshold.",False,basis_change_plus_parity_cnot_plus_synthesized_rz,0.008064516129032258,0,182,90,45,4560,317,True,True,199,6,94,45,30,30,199,124,1.0,0,22568,11160,5580,565440,39308,24676,True,reported_at_empirical_r_star
1.573964611252246,25.716563181155244,True,124,0.0009899103197582582,0.9990100896802417,6.0780606951582605e-05,0.9999392193930484,124,0.0009899103197582582,True,124,0.0009899103197582582,resolved,random two-local,random_baseline,random_1,6,1.0,0.001,2.9845130209103035,500,124,False,45,0,45,0,45,14,0.821962489621633,28.671388021935623,5.51389200524681,380,first_order_commutator_proxy,153108,proxy_not_certified_for_fidelity,306.2143252651807,"(t^2 / (2 r)) * sum_{a<b} ||[H_a, H_b]|| <= eps",False,placeholder_requires_theorem_specific_input,,missing_theorem_formula_or_constants,"Need the exact low-energy bound to implement, including constants, normalization/energy-shift conventions, and how its accuracy parameter maps onto the notebook's fidelity-error threshold.",False,basis_change_plus_parity_cnot_plus_synthesized_rz,0.008064516129032258,0,182,90,45,4560,317,True,True,199,6,94,45,30,30,199,124,1.0,0,22568,11160,5580,565440,39308,24676,True,reported_at_empirical_r_star
1.6933850915467972,25.482181254467836,True,125,0.0009943382498130982,0.9990056617501869,6.210177699861319e-05,0.9999378982230014,125,0.0009943382498130982,True,125,0.0009943382498130982,resolved,random two-local,random_baseline,random_1,6,1.0,0.001,3.141592653589793,500,125,False,45,0,45,0,45,14,0.821962489621633,28.671388021935623,5.51389200524681,380,first_order_commutator_proxy,153108,proxy_not_certified_for_fidelity,306.2143252651807,"(t^2 / (2 r)) * sum_{a<b} ||[H_a, H_b]|| <= eps",False,placeholder_requires_theorem_specific_input,,missing_theorem_formula_or_constants,"Need the exact low-energy bound to implement, including constants, normalization/energy-shift conventions, and how its accuracy parameter maps onto the notebook's fidelity-error threshold.",False,basis_change_plus_parity_cnot_plus_synthesized_rz,0.008,0,182,90,45,4552,317,True,True,199,6,94,45,30,30,199,125,1.0,0,22750,11250,5625,569000,39625,24875,True,reported_at_empirical_r_star
-0.5029500470441879,28.433262420104896,True,129,0.0009977567963496137,0.9990022432036504,6.605902624079452e-05,0.9999339409737592,129,0.0009977567963496137,True,129,0.0009977567963496137,resolved,random two-local,random_baseline,random_10,6,1.0,0.001,0.0,500,129,False,45,0,45,0,45,14,0.8219624896216329,29.21794713255468,5.5138920052468094,392,first_order_commutator_proxy,162173,proxy_not_certified_for_fidelity,324.3449141811023,"(t^2 / (2 r)) * sum_{a<b} ||[H_a, H_b]|| <= eps",False,placeholder_requires_theorem_specific_input,,missing_theorem_formula_or_constants,"Need the exact low-energy bound to implement, including constants, normalization/energy-shift conventions, and how its accuracy parameter maps onto the notebook's fidelity-error threshold.",False,basis_change_plus_parity_cnot_plus_synthesized_rz,0.007751937984496124,0,202,90,45,4544,337,True,True,222,6,103,45,37,37,222,129,1.0,0,26058,11610,5805,586176,43473,28638,True,reported_at_empirical_r_star
-1.1291850309612066,28.705901824855186,True,128,0.00099844440564123,0.9990015555943588,6.49719694937323e-05,0.9999350280305063,128,0.00099844440564123,True,128,0.00099844440564123,resolved,random two-local,random_baseline,random_10,6,1.0,0.001,0.15707963267948966,500,128,False,45,0,45,0,45,14,0.8219624896216329,29.21794713255468,5.5138920052468094,392,first_order_commutator_proxy,162173,proxy_not_certified_for_fidelity,324.3449141811023,"(t^2 / (2 r)) * sum_{a<b} ||[H_a, H_b]|| <= eps",False,placeholder_requires_theorem_specific_input,,missing_theorem_formula_or_constants,"Need the exact low-energy bound to implement, including constants, normalization/energy-shift conventions, and how its accuracy parameter maps onto the notebook's fidelity-error threshold.",False,basis_change_plus_parity_cnot_plus_synthesized_rz,0.0078125,0,202,90,45,4540,337,True,True,222,6,103,45,37,37,222,128,1.0,0,25856,11520,5760,581120,43136,28416,True,reported_at_empirical_r_star
-1.7169030501358409,28.62983562775472,True,126,0.0009969829716555134,0.9990030170283445,6.278972598583454e-05,0.9999372102740142,126,0.0009969829716555134,True,126,0.0009969829716555134,resolved,random two-local,random_baseline,random_10,6,1.0,0.001,0.3141592653589793,500,126,False,45,0,45,0,45,14,0.8219624896216329,29.21794713255468,5.5138920052468094,392,first_order_commutator_proxy,162173,proxy_not_certified_for_fidelity,324.3449141811023,"(t^2 / (2 r)) * sum_{a<b} ||[H_a, H_b]|| <= eps",False,placeholder_requires_theorem_specific_input,,missing_theorem_formula_or_constants,"Need the exact low-energy bound to implement, including constants, normalization/energy-shift conventions, and how its accuracy parameter maps onto the notebook's fidelity-error threshold.",False,basis_change_plus_parity_cnot_plus_synthesized_rz,0.007936507936507936,0,202,90,45,4548,337,True,True,222,6,103,45,37,37,222,126,1.0,0,25452,11340,5670,573048,42462,27972,True,reported_at_empirical_r_star
-2.2085741699790487,28.319094467994127,True,123,0.0009997076122819637,0.999000292387718,5.996594028234714e-05,0.9999400340597177,123,0.0009997076122819637,True,123,0.0009997076122819637,resolved,random two-local,random_baseline,random_10,6,1.0,0.001,0.47123889803846897,500,123,False,45,0,45,0,45,14,0.8219624896216329,29.21794713255468,5.5138920052468094,392,first_order_commutator_proxy,162173,proxy_not_certified_for_fidelity,324.3449141811023,"(t^2 / (2 r)) * sum_{a<b} ||[H_a, H_b]|| <= eps",False,placeholder_requires_theorem_specific_input,,missing_theorem_formula_or_constants,"Need the exact low-energy bound to implement, including constants, normalization/energy-shift conventions, and how its accuracy parameter maps onto the notebook's fidelity-error threshold.",False,basis_change_plus_parity_cnot_plus_synthesized_rz,0.008130081300813009,0,202,90,45,4528,337,True,True,222,6,103,45,37,37,222,123,1.0,0,24846,11070,5535,556944,41451,27306,True,reported_at_empirical_r_star
-2.5560701956064564,27.978686851258818,True,121,0.0009855547313671886,0.9990144452686328,5.723047251127156e-05,0.9999427695274887,121,0.0009855547313671886,True,121,0.0009855547313671886,resolved,random two-local,random_baseline,random_10,6,1.0,0.001,0.6283185307179586,500,121,False,45,0,45,0,45,14,0.8219624896216329,29.21794713255468,5.5138920052468094,392,first_order_commutator_proxy,162173,proxy_not_certified_for_fidelity,324.3449141811023,"(t^2 / (2 r)) * sum_{a<b} ||[H_a, H_b]|| <= eps",False,placeholder_requires_theorem_specific_input,,missing_theorem_formula_or_constants,"Need the exact low-energy bound to implement, including constants, normalization/energy-shift conventions, and how its accuracy parameter maps onto the notebook's fidelity-error threshold.",False,basis_change_plus_parity_cnot_plus_synthesized_rz,0.008264462809917356,0,202,90,45,4560,337,True,True,222,6,103,45,37,37,222,121,1.0,0,24442,10890,5445,551760,40777,26862,True,reported_at_empirical_r_star
-2.7253757948824746,27.817843662507226,True,119,0.0009847711092326739,0.9990152288907673,5.536808120432113e-05,0.9999446319187957,119,0.0009847711092326739,True,119,0.0009847711092326739,resolved,random two-local,random_baseline,random_10,6,1.0,0.001,0.7853981633974483,500,119,False,45,0,45,0,45,14,0.8219624896216329,29.21794713255468,5.5138920052468094,392,first_order_commutator_proxy,162173,proxy_not_certified_for_fidelity,324.3449141811023,"(t^2 / (2 r)) * sum_{a<b} ||[H_a, H_b]|| <= eps",False,placeholder_requires_theorem_specific_input,,missing_theorem_formula_or_constants,"Need the exact low-energy bound to implement, including constants, normalization/energy-shift conventions, and how its accuracy parameter maps onto the notebook's fidelity-error threshold.",False,basis_change_plus_parity_cnot_plus_synthesized_rz,0.008403361344537815,0,202,90,45,4538,337,True,True,222,6,103,45,37,37,222,119,1.0,0,24038,10710,5355,540022,40103,26418,True,reported_at_empirical_r_star
-2.699918156128492,27.962345771307973,True,118,0.0009925030939097468,0.9990074969060903,5.4950904028405745e-05,0.9999450490959716,118,0.0009925030939097468,True,118,0.0009925030939097468,resolved,random two-local,random_baseline,random_10,6,1.0,0.001,0.9424777960769379,500,118,False,45,0,45,0,45,14,0.8219624896216329,29.21794713255468,5.5138920052468094,392,first_order_commutator_proxy,162173,proxy_not_certified_for_fidelity,324.3449141811023,"(t^2 / (2 r)) * sum_{a<b} ||[H_a, H_b]|| <= eps",False,placeholder_requires_theorem_specific_input,,missing_theorem_formula_or_constants,"Need the exact low-energy bound to implement, including constants, normalization/energy-shift conventions, and how its accuracy parameter maps onto the notebook's fidelity-error threshold.",False,basis_change_plus_parity_cnot_plus_synthesized_rz,0.00847457627118644,0,202,90,45,4502,337,True,True,222,6,103,45,37,37,222,118,1.0,0,23836,10620,5310,531236,39766,26196,True,reported_at_empirical_r_star
-2.482189250399548,28.400181552439157,True,119,0.0009956396875605567,0.9990043603124394,5.6153128567437705e-05,0.9999438468714326,119,0.0009956396875605567,True,119,0.0009956396875605567,resolved,random two-local,random_baseline,random_10,6,1.0,0.001,1.0995574287564276,500,119,False,45,0,45,0,45,14,0.8219624896216329,29.21794713255468,5.5138920052468094,392,first_order_commutator_proxy,162173,proxy_not_certified_for_fidelity,324.3449141811023,"(t^2 / (2 r)) * sum_{a<b} ||[H_a, H_b]|| <= eps",False,placeholder_requires_theorem_specific_input,,missing_theorem_formula_or_constants,"Need the exact low-energy bound to implement, including constants, normalization/energy-shift conventions, and how its accuracy parameter maps onto the notebook's fidelity-error threshold.",False,basis_change_plus_parity_cnot_plus_synthesized_rz,0.008403361344537815,0,202,90,45,4538,337,True,True,222,6,103,45,37,37,222,119,1.0,0,24038,10710,5355,540022,40103,26418,True,reported_at_empirical_r_star
-2.09350189999488,28.981907839228235,True,122,0.0009891279607660008,0.999010872039234,5.872054589006748e-05,0.9999412794541099,122,0.0009891279607660008,True,122,0.0009891279607660008,resolved,random two-local,random_baseline,random_10,6,1.0,0.001,1.2566370614359172,500,122,False,45,0,45,0,45,14,0.8219624896216329,29.21794713255468,5.5138920052468094,392,first_order_commutator_proxy,162173,proxy_not_certified_for_fidelity,324.3449141811023,"(t^2 / (2 r)) * sum_{a<b} ||[H_a, H_b]|| <= eps",False,placeholder_requires_theorem_specific_input,,missing_theorem_formula_or_constants,"Need the exact low-energy bound to implement, including constants, normalization/energy-shift conventions, and how its accuracy parameter maps onto the notebook's fidelity-error threshold.",False,basis_change_plus_parity_cnot_plus_synthesized_rz,0.00819672131147541,0,202,90,45,4562,337,True,True,222,6,103,45,37,37,222,122,1.0,0,24644,10980,5490,556564,41114,27084,True,reported_at_empirical_r_star
-1.5719035309161078,29.47599021369195,True,125,0.0009947448143694526,0.9990052551856305,6.2073117693906e-05,0.9999379268823061,125,0.0009947448143694526,True,125,0.0009947448143694526,resolved,random two-local,random_baseline,random_10,6,1.0,0.001,1.413716694115407,500,125,False,45,0,45,0,45,14,0.8219624896216329,29.21794713255468,5.5138920052468094,392,first_order_commutator_proxy,162173,proxy_not_certified_for_fidelity,324.3449141811023,"(t^2 / (2 r)) * sum_{a<b} ||[H_a, H_b]|| <= eps",False,placeholder_requires_theorem_specific_input,,missing_theorem_formula_or_constants,"Need the exact low-energy bound to implement, including constants, normalization/energy-shift conventions, and how its accuracy parameter maps onto the notebook's fidelity-error threshold.",False,basis_change_plus_parity_cnot_plus_synthesized_rz,0.008,0,202,90,45,4540,337,True,True,222,6,103,45,37,37,222,125,1.0,0,25250,11250,5625,567500,42125,27750,True,reported_at_empirical_r_star
-0.9684518257181971,29.65815503487037,True,128,0.0009993263576195677,0.9990006736423804,6.546631154169535e-05,0.9999345336884583,128,0.0009993263576195677,True,128,0.0009993263576195677,resolved,random two-local,random_baseline,random_10,6,1.0,0.001,1.5707963267948966,500,128,False,45,0,45,0,45,14,0.8219624896216329,29.21794713255468,5.5138920052468094,392,first_order_commutator_proxy,162173,proxy_not_certified_for_fidelity,324.3449141811023,"(t^2 / (2 r)) * sum_{a<b} ||[H_a, H_b]|| <= eps",False,placeholder_requires_theorem_specific_input,,missing_theorem_formula_or_constants,"Need the exact low-energy bound to implement, including constants, normalization/energy-shift conventions, and how its accuracy parameter maps onto the notebook's fidelity-error threshold.",False,basis_change_plus_parity_cnot_plus_synthesized_rz,0.0078125,0,202,90,45,4540,337,True,True,222,6,103,45,37,37,222,128,1.0,0,25856,11520,5760,581120,43136,28416,True,reported_at_empirical_r_star
-0.34221684180117795,29.40053432325643,True,131,0.0009921411192048701,0.9990078588807951,6.815733188691997e-05,0.9999318426681131,131,0.0009921411192048701,True,131,0.0009921411192048701,resolved,random two-local,random_baseline,random_10,6,1.0,0.001,1.7278759594743862,500,131,False,45,0,45,0,45,14,0.8219624896216329,29.21794713255468,5.5138920052468094,392,first_order_commutator_proxy,162173,proxy_not_certified_for_fidelity,324.3449141811023,"(t^2 / (2 r)) * sum_{a<b} ||[H_a, H_b]|| <= eps",False,placeholder_requires_theorem_specific_input,,missing_theorem_formula_or_constants,"Need the exact low-energy bound to implement, including constants, normalization/energy-shift conventions, and how its accuracy parameter maps onto the notebook's fidelity-error threshold.",False,basis_change_plus_parity_cnot_plus_synthesized_rz,0.007633587786259542,0,202,90,45,4540,337,True,True,222,6,103,45,37,37,222,131,1.0,0,26462,11790,5895,594740,44147,29082,True,reported_at_empirical_r_star
0.24550117737345545,28.726212541059006,True,132,0.000996259584403525,0.9990037404155965,6.9568142830434e-05,0.9999304318571696,132,0.000996259584403525,True,132,0.000996259584403525,resolved,random two-local,random_baseline,random_10,6,1.0,0.001,1.8849555921538759,500,132,False,45,0,45,0,45,14,0.8219624896216329,29.21794713255468,5.5138920052468094,392,first_order_commutator_proxy,162173,proxy_not_certified_for_fidelity,324.3449141811023,"(t^2 / (2 r)) * sum_{a<b} ||[H_a, H_b]|| <= eps",False,placeholder_requires_theorem_specific_input,,missing_theorem_formula_or_constants,"Need the exact low-energy bound to implement, including constants, normalization/energy-shift conventions, and how its accuracy parameter maps onto the notebook's fidelity-error threshold.",False,basis_change_plus_parity_cnot_plus_synthesized_rz,0.007575757575757576,0,202,90,45,4556,337,True,True,222,6,103,45,37,37,222,132,1.0,0,26664,11880,5940,601392,44484,29304,True,reported_at_empirical_r_star
0.7371722972166651,27.807781752429822,True,132,0.0009935062083027413,0.9990064937916973,6.944745254178208e-05,0.9999305525474582,132,0.0009935062083027413,True,132,0.0009935062083027413,resolved,random two-local,random_baseline,random_10,6,1.0,0.001,2.0420352248333655,500,132,False,45,0,45,0,45,14,0.8219624896216329,29.21794713255468,5.5138920052468094,392,first_order_commutator_proxy,162173,proxy_not_certified_for_fidelity,324.3449141811023,"(t^2 / (2 r)) * sum_{a<b} ||[H_a, H_b]|| <= eps",False,placeholder_requires_theorem_specific_input,,missing_theorem_formula_or_constants,"Need the exact low-energy bound to implement, including constants, normalization/energy-shift conventions, and how its accuracy parameter maps onto the notebook's fidelity-error threshold.",False,basis_change_plus_parity_cnot_plus_synthesized_rz,0.007575757575757576,0,202,90,45,4556,337,True,True,222,6,103,45,37,37,222,132,1.0,0,26664,11880,5940,601392,44484,29304,True,reported_at_empirical_r_star
1.0846683228440739,26.90973535795053,True,131,0.0009867708599354819,0.9990132291400645,6.799181331873516e-05,0.9999320081866813,131,0.0009867708599354819,True,131,0.0009867708599354819,resolved,random two-local,random_baseline,random_10,6,1.0,0.001,2.199114857512855,500,131,False,45,0,45,0,45,14,0.8219624896216329,29.21794713255468,5.5138920052468094,392,first_order_commutator_proxy,162173,proxy_not_certified_for_fidelity,324.3449141811023,"(t^2 / (2 r)) * sum_{a<b} ||[H_a, H_b]|| <= eps",False,placeholder_requires_theorem_specific_input,,missing_theorem_formula_or_constants,"Need the exact low-energy bound to implement, including constants, normalization/energy-shift conventions, and how its accuracy parameter maps onto the notebook's fidelity-error threshold.",False,basis_change_plus_parity_cnot_plus_synthesized_rz,0.007633587786259542,0,202,90,45,4540,337,True,True,222,6,103,45,37,37,222,131,1.0,0,26462,11790,5895,594740,44147,29082,True,reported_at_empirical_r_star
1.2539739221200903,26.29588981144295,True,129,0.0009846966005004898,0.9990153033994995,6.583025439466095e-05,0.9999341697456053,129,0.0009846966005004898,True,129,0.0009846966005004898,resolved,random two-local,random_baseline,random_10,6,1.0,0.001,2.356194490192345,500,129,False,45,0,45,0,45,14,0.8219624896216329,29.21794713255468,5.5138920052468094,392,first_order_commutator_proxy,162173,proxy_not_certified_for_fidelity,324.3449141811023,"(t^2 / (2 r)) * sum_{a<b} ||[H_a, H_b]|| <= eps",False,placeholder_requires_theorem_specific_input,,missing_theorem_formula_or_constants,"Need the exact low-energy bound to implement, including constants, normalization/energy-shift conventions, and how its accuracy parameter maps onto the notebook's fidelity-error threshold.",False,basis_change_plus_parity_cnot_plus_synthesized_rz,0.007751937984496124,0,202,90,45,4544,337,True,True,222,6,103,45,37,37,222,129,1.0,0,26058,11610,5805,586176,43473,28638,True,reported_at_empirical_r_star
1.228516283366107,26.136369009505863,True,126,0.0009998344348788324,0.9990001655651212,6.379074229045933e-05,0.9999362092577095,126,0.0009998344348788324,True,126,0.0009998344348788324,resolved,random two-local,random_baseline,random_10,6,1.0,0.001,2.5132741228718345,500,126,False,45,0,45,0,45,14,0.8219624896216329,29.21794713255468,5.5138920052468094,392,first_order_commutator_proxy,162173,proxy_not_certified_for_fidelity,324.3449141811023,"(t^2 / (2 r)) * sum_{a<b} ||[H_a, H_b]|| <= eps",False,placeholder_requires_theorem_specific_input,,missing_theorem_formula_or_constants,"Need the exact low-energy bound to implement, including constants, normalization/energy-shift conventions, and how its accuracy parameter maps onto the notebook's fidelity-error threshold.",False,basis_change_plus_parity_cnot_plus_synthesized_rz,0.007936507936507936,0,202,90,45,4548,337,True,True,222,6,103,45,37,37,222,126,1.0,0,25452,11340,5670,573048,42462,27972,True,reported_at_empirical_r_star
1.0107873776371628,26.448921207672612,True,125,0.0009954089981218939,0.9990045910018781,6.25086582654033e-05,0.9999374913417346,125,0.0009954089981218939,True,125,0.0009954089981218939,resolved,random two-local,random_baseline,random_10,6,1.0,0.001,2.670353755551324,500,125,False,45,0,45,0,45,14,0.8219624896216329,29.21794713255468,5.5138920052468094,392,first_order_commutator_proxy,162173,proxy_not_certified_for_fidelity,324.3449141811023,"(t^2 / (2 r)) * sum_{a<b} ||[H_a, H_b]|| <= eps",False,placeholder_requires_theorem_specific_input,,missing_theorem_formula_or_constants,"Need the exact low-energy bound to implement, including constants, normalization/energy-shift conventions, and how its accuracy parameter maps onto the notebook's fidelity-error threshold.",False,basis_change_plus_parity_cnot_plus_synthesized_rz,0.008,0,202,90,45,4540,337,True,True,222,6,103,45,37,37,222,125,1.0,0,25250,11250,5625,567500,42125,27750,True,reported_at_empirical_r_star
0.6221000272324949,27.09636686927329,True,125,0.000989156211922304,0.9990108437880777,6.211609878192803e-05,0.9999378839012181,125,0.000989156211922304,True,125,0.000989156211922304,resolved,random two-local,random_baseline,random_10,6,1.0,0.001,2.827433388230814,500,125,False,45,0,45,0,45,14,0.8219624896216329,29.21794713255468,5.5138920052468094,392,first_order_commutator_proxy,162173,proxy_not_certified_for_fidelity,324.3449141811023,"(t^2 / (2 r)) * sum_{a<b} ||[H_a, H_b]|| <= eps",False,placeholder_requires_theorem_specific_input,,missing_theorem_formula_or_constants,"Need the exact low-energy bound to implement, including constants, normalization/energy-shift conventions, and how its accuracy parameter maps onto the notebook's fidelity-error threshold.",False,basis_change_plus_parity_cnot_plus_synthesized_rz,0.008,0,202,90,45,4540,337,True,True,222,6,103,45,37,37,222,125,1.0,0,25250,11250,5625,567500,42125,27750,True,reported_at_empirical_r_star
0.10050165815372346,27.840738506024177,True,125,0.0009912282945613304,0.9990087717054387,6.224829168366419e-05,0.9999377517083163,125,0.0009912282945613304,True,125,0.0009912282945613304,resolved,random two-local,random_baseline,random_10,6,1.0,0.001,2.9845130209103035,500,125,False,45,0,45,0,45,14,0.8219624896216329,29.21794713255468,5.5138920052468094,392,first_order_commutator_proxy,162173,proxy_not_certified_for_fidelity,324.3449141811023,"(t^2 / (2 r)) * sum_{a<b} ||[H_a, H_b]|| <= eps",False,placeholder_requires_theorem_specific_input,,missing_theorem_formula_or_constants,"Need the exact low-energy bound to implement, including constants, normalization/energy-shift conventions, and how its accuracy parameter maps onto the notebook's fidelity-error threshold.",False,basis_change_plus_parity_cnot_plus_synthesized_rz,0.008,0,202,90,45,4540,337,True,True,222,6,103,45,37,37,222,125,1.0,0,25250,11250,5625,567500,42125,27750,True,reported_at_empirical_r_star
-0.5029500470441874,28.433262420104903,True,125,0.0009929284643762637,0.9990070715356237,6.235317410163699e-05,0.9999376468258984,125,0.0009929284643762637,True,125,0.0009929284643762637,resolved,random two-local,random_baseline,random_10,6,1.0,0.001,3.141592653589793,500,125,False,45,0,45,0,45,14,0.8219624896216329,29.21794713255468,5.5138920052468094,392,first_order_commutator_proxy,162173,proxy_not_certified_for_fidelity,324.3449141811023,"(t^2 / (2 r)) * sum_{a<b} ||[H_a, H_b]|| <= eps",False,placeholder_requires_theorem_specific_input,,missing_theorem_formula_or_constants,"Need the exact low-energy bound to implement, including constants, normalization/energy-shift conventions, and how its accuracy parameter maps onto the notebook's fidelity-error threshold.",False,basis_change_plus_parity_cnot_plus_synthesized_rz,0.008,0,202,90,45,4540,337,True,True,222,6,103,45,37,37,222,125,1.0,0,25250,11250,5625,567500,42125,27750,True,reported_at_empirical_r_star
0.9099731436435129,34.69956818133293,True,122,0.0009965015893999007,0.9990034984106001,5.929234073243084e-05,0.9999407076592676,122,0.0009965015893999007,True,122,0.0009965015893999007,resolved,random two-local,random_baseline,random_11,6,1.0,0.001,0.0,500,122,False,45,0,45,0,45,15,0.821962489621633,29.538579814149074,5.51389200524681,385,first_order_commutator_proxy,156070,proxy_not_certified_for_fidelity,312.1388209788015,"(t^2 / (2 r)) * sum_{a<b} ||[H_a, H_b]|| <= eps",False,placeholder_requires_theorem_specific_input,,missing_theorem_formula_or_constants,"Need the exact low-energy bound to implement, including constants, normalization/energy-shift conventions, and how its accuracy parameter maps onto the notebook's fidelity-error threshold.",False,basis_change_plus_parity_cnot_plus_synthesized_rz,0.00819672131147541,0,196,90,45,4552,331,True,True,215,6,98,45,36,36,215,122,1.0,0,23912,10980,5490,555344,40382,26230,True,reported_at_empirical_r_star
0.8943553376024476,33.99197423108713,True,125,0.0009925376529981156,0.9990074623470019,6.201496670377171e-05,0.9999379850332962,125,0.0009925376529981156,True,125,0.0009925376529981156,resolved,random two-local,random_baseline,random_11,6,1.0,0.001,0.15707963267948966,500,125,False,45,0,45,0,45,15,0.821962489621633,29.538579814149074,5.51389200524681,385,first_order_commutator_proxy,156070,proxy_not_certified_for_fidelity,312.1388209788015,"(t^2 / (2 r)) * sum_{a<b} ||[H_a, H_b]|| <= eps",False,placeholder_requires_theorem_specific_input,,missing_theorem_formula_or_constants,"Need the exact low-energy bound to implement, including constants, normalization/energy-shift conventions, and how its accuracy parameter maps onto the notebook's fidelity-error threshold.",False,basis_change_plus_parity_cnot_plus_synthesized_rz,0.008,0,196,90,45,4556,331,True,True,215,6,98,45,36,36,215,125,1.0,0,24500,11250,5625,569500,41375,26875,True,reported_at_empirical_r_star
0.8619549425913889,33.500904222238695,True,129,0.0009974736673330487,0.999002526332667,6.639490617188493e-05,0.9999336050938281,129,0.0009974736673330487,True,129,0.0009974736673330487,resolved,random two-local,random_baseline,random_11,6,1.0,0.001,0.3141592653589793,500,129,False,45,0,45,0,45,15,0.821962489621633,29.538579814149074,5.51389200524681,385,first_order_commutator_proxy,156070,proxy_not_certified_for_fidelity,312.1388209788015,"(t^2 / (2 r)) * sum_{a<b} ||[H_a, H_b]|| <= eps",False,placeholder_requires_theorem_specific_input,,missing_theorem_formula_or_constants,"Need the exact low-energy bound to implement, including constants, normalization/energy-shift conventions, and how its accuracy parameter maps onto the notebook's fidelity-error threshold.",False,basis_change_plus_parity_cnot_plus_synthesized_rz,0.007751937984496124,0,196,90,45,4546,331,True,True,215,6,98,45,36,36,215,129,1.0,0,25284,11610,5805,586434,42699,27735,True,reported_at_empirical_r_star
0.8159435350208438,33.19965946613746,True,135,0.0009889842585807385,0.9990110157414193,7.211616907598639e-05,0.999927883830924,135,0.0009889842585807385,True,135,0.0009889842585807385,resolved,random two-local,random_baseline,random_11,6,1.0,0.001,0.47123889803846897,500,135,False,45,0,45,0,45,15,0.821962489621633,29.538579814149074,5.51389200524681,385,first_order_commutator_proxy,156070,proxy_not_certified_for_fidelity,312.1388209788015,"(t^2 / (2 r)) * sum_{a<b} ||[H_a, H_b]|| <= eps",False,placeholder_requires_theorem_specific_input,,missing_theorem_formula_or_constants,"Need the exact low-energy bound to implement, including constants, normalization/energy-shift conventions, and how its accuracy parameter maps onto the notebook's fidelity-error threshold.",False,basis_change_plus_parity_cnot_plus_synthesized_rz,0.007407407407407408,0,196,90,45,4532,331,True,True,215,6,98,45,36,36,215,135,1.0,0,26460,12150,6075,611820,44685,29025,True,reported_at_empirical_r_star
0.760825032044148,32.962049308165994,True,140,0.0009950627420740599,0.9990049372579259,7.805388544845915e-05,0.9999219461145515,140,0.0009950627420740599,True,140,0.0009950627420740599,resolved,random two-local,random_baseline,random_11,6,1.0,0.001,0.6283185307179586,500,140,False,45,0,45,0,45,15,0.821962489621633,29.538579814149074,5.51389200524681,385,first_order_commutator_proxy,156070,proxy_not_certified_for_fidelity,312.1388209788015,"(t^2 / (2 r)) * sum_{a<b} ||[H_a, H_b]|| <= eps",False,placeholder_requires_theorem_specific_input,,missing_theorem_formula_or_constants,"Need the exact low-energy bound to implement, including constants, normalization/energy-shift conventions, and how its accuracy parameter maps onto the notebook's fidelity-error threshold.",False,basis_change_plus_parity_cnot_plus_synthesized_rz,0.007142857142857143,0,196,90,45,4528,331,True,True,215,6,98,45,36,36,215,140,1.0,0,27440,12600,6300,633920,46340,30100,True,reported_at_empirical_r_star
0.7019948167658487,32.63420747838635,True,144,0.000997092283457679,0.9990029077165423,8.27629474757785e-05,0.9999172370525242,144,0.000997092283457679,True,144,0.000997092283457679,resolved,random two-local,random_baseline,random_11,6,1.0,0.001,0.7853981633974483,500,144,False,45,0,45,0,45,15,0.821962489621633,29.538579814149074,5.51389200524681,385,first_order_commutator_proxy,156070,proxy_not_certified_for_fidelity,312.1388209788015,"(t^2 / (2 r)) * sum_{a<b} ||[H_a, H_b]|| <= eps",False,placeholder_requires_theorem_specific_input,,missing_theorem_formula_or_constants,"Need the exact low-energy bound to implement, including constants, normalization/energy-shift conventions, and how its accuracy parameter maps onto the notebook's fidelity-error threshold.",False,basis_change_plus_parity_cnot_plus_synthesized_rz,0.006944444444444444,0,196,90,45,4532,331,True,True,215,6,98,45,36,36,215,144,1.0,0,28224,12960,6480,652608,47664,30960,True,reported_at_empirical_r_star
0.6452116005516001,32.11730940317867,True,146,0.0009977265960366966,0.9990022734039633,8.514151373528733e-05,0.9999148584862647,146,0.0009977265960366966,True,146,0.0009977265960366966,resolved,random two-local,random_baseline,random_11,6,1.0,0.001,0.9424777960769379,500,146,False,45,0,45,0,45,15,0.821962489621633,29.538579814149074,5.51389200524681,385,first_order_commutator_proxy,156070,proxy_not_certified_for_fidelity,312.1388209788015,"(t^2 / (2 r)) * sum_{a<b} ||[H_a, H_b]|| <= eps",False,placeholder_requires_theorem_specific_input,,missing_theorem_formula_or_constants,"Need the exact low-energy bound to implement, including constants, normalization/energy-shift conventions, and how its accuracy parameter maps onto the notebook's fidelity-error threshold.",False,basis_change_plus_parity_cnot_plus_synthesized_rz,0.00684931506849315,0,196,90,45,4524,331,True,True,215,6,98,45,36,36,215,146,1.0,0,28616,13140,6570,660504,48326,31390,True,reported_at_empirical_r_star
0.5960337202363835,31.42725131154705,True,146,0.0009944708932578816,0.9990055291067421,8.48615617843329e-05,0.9999151384382157,146,0.0009944708932578816,True,146,0.0009944708932578816,resolved,random two-local,random_baseline,random_11,6,1.0,0.001,1.0995574287564276,500,146,False,45,0,45,0,45,15,0.821962489621633,29.538579814149074,5.51389200524681,385,first_order_commutator_proxy,156070,proxy_not_certified_for_fidelity,312.1388209788015,"(t^2 / (2 r)) * sum_{a<b} ||[H_a, H_b]|| <= eps",False,placeholder_requires_theorem_specific_input,,missing_theorem_formula_or_constants,"Need the exact low-energy bound to implement, including constants, normalization/energy-shift conventions, and how its accuracy parameter maps onto the notebook's fidelity-error threshold.",False,basis_change_plus_parity_cnot_plus_synthesized_rz,0.00684931506849315,0,196,90,45,4524,331,True,True,215,6,98,45,36,36,215,146,1.0,0,28616,13140,6570,660504,48326,31390,True,reported_at_empirical_r_star
0.5592750493878915,30.706348940019996,True,144,0.0009923375526559308,0.9990076624473441,8.235846393767066e-05,0.9999176415360623,144,0.0009923375526559308,True,144,0.0009923375526559308,resolved,random two-local,random_baseline,random_11,6,1.0,0.001,1.2566370614359172,500,144,False,45,0,45,0,45,15,0.821962489621633,29.538579814149074,5.51389200524681,385,first_order_commutator_proxy,156070,proxy_not_certified_for_fidelity,312.1388209788015,"(t^2 / (2 r)) * sum_{a<b} ||[H_a, H_b]|| <= eps",False,placeholder_requires_theorem_specific_input,,missing_theorem_formula_or_constants,"Need the exact low-energy bound to implement, including constants, normalization/energy-shift conventions, and how its accuracy parameter maps onto the notebook's fidelity-error threshold.",False,basis_change_plus_parity_cnot_plus_synthesized_rz,0.006944444444444444,0,196,90,45,4532,331,True,True,215,6,98,45,36,36,215,144,1.0,0,28224,12960,6480,652608,47664,30960,True,reported_at_empirical_r_star
0.538533782821495,30.180847825785087,True,141,0.000986752066737373,0.9990132479332626,7.848609760896519e-05,0.999921513902391,141,0.000986752066737373,True,141,0.000986752066737373,resolved,random two-local,random_baseline,random_11,6,1.0,0.001,1.413716694115407,500,141,False,45,0,45,0,45,15,0.821962489621633,29.538579814149074,5.51389200524681,385,first_order_commutator_proxy,156070,proxy_not_certified_for_fidelity,312.1388209788015,"(t^2 / (2 r)) * sum_{a<b} ||[H_a, H_b]|| <= eps",False,placeholder_requires_theorem_specific_input,,missing_theorem_formula_or_constants,"Need the exact low-energy bound to implement, including constants, normalization/energy-shift conventions, and how its accuracy parameter maps onto the notebook's fidelity-error threshold.",False,basis_change_plus_parity_cnot_plus_synthesized_rz,0.0070921985815602835,0,196,90,45,4548,331,True,True,215,6,98,45,36,36,215,141,1.0,0,27636,12690,6345,641268,46671,30315,True,reported_at_empirical_r_star
0.5358402202216145,30.07931288701265,True,137,0.000987705112202364,0.9990122948877976,7.41270669564198e-05,0.9999258729330436,137,0.000987705112202364,True,137,0.000987705112202364,resolved,random two-local,random_baseline,random_11,6,1.0,0.001,1.5707963267948966,500,137,False,45,0,45,0,45,15,0.821962489621633,29.538579814149074,5.51389200524681,385,first_order_commutator_proxy,156070,proxy_not_certified_for_fidelity,312.1388209788015,"(t^2 / (2 r)) * sum_{a<b} ||[H_a, H_b]|| <= eps",False,placeholder_requires_theorem_specific_input,,missing_theorem_formula_or_constants,"Need the exact low-energy bound to implement, including constants, normalization/energy-shift conventions, and how its accuracy parameter maps onto the notebook's fidelity-error threshold.",False,basis_change_plus_parity_cnot_plus_synthesized_rz,0.0072992700729927005,0,196,90,45,4566,331,True,True,215,6,98,45,36,36,215,137,1.0,0,26852,12330,6165,625542,45347,29455,True,reported_at_empirical_r_star
0.5514580262626797,30.54259908707231,True,133,0.000989961029683517,0.9990100389703165,6.998448421424719e-05,0.9999300155157858,133,0.000989961029683517,True,133,0.000989961029683517,resolved,random two-local,random_baseline,random_11,6,1.0,0.001,1.7278759594743862,500,133,False,45,0,45,0,45,15,0.821962489621633,29.538579814149074,5.51389200524681,385,first_order_commutator_proxy,156070,proxy_not_certified_for_fidelity,312.1388209788015,"(t^2 / (2 r)) * sum_{a<b} ||[H_a, H_b]|| <= eps",False,placeholder_requires_theorem_specific_input,,missing_theorem_formula_or_constants,"Need the exact low-energy bound to implement, including constants, normalization/energy-shift conventions, and how its accuracy parameter maps onto the notebook's fidelity-error threshold.",False,basis_change_plus_parity_cnot_plus_synthesized_rz,0.007518796992481203,0,196,90,45,4558,331,True,True,215,6,98,45,36,36,215,133,1.0,0,26068,11970,5985,606214,44023,28595,True,reported_at_empirical_r_star
0.5838584212737388,31.5600581008353,True,130,0.0009860040409515047,0.9990139959590485,6.65775807537905e-05,0.9999334224192462,130,0.0009860040409515047,True,130,0.0009860040409515047,resolved,random two-local,random_baseline,random_11,6,1.0,0.001,1.8849555921538759,500,130,False,45,0,45,0,45,15,0.821962489621633,29.538579814149074,5.51389200524681,385,first_order_commutator_proxy,156070,proxy_not_certified_for_fidelity,312.1388209788015,"(t^2 / (2 r)) * sum_{a<b} ||[H_a, H_b]|| <= eps",False,placeholder_requires_theorem_specific_input,,missing_theorem_formula_or_constants,"Need the exact low-energy bound to implement, including constants, normalization/energy-shift conventions, and how its accuracy parameter maps onto the notebook's fidelity-error threshold.",False,basis_change_plus_parity_cnot_plus_synthesized_rz,0.007692307692307693,0,196,90,45,4544,331,True,True,215,6,98,45,36,36,215,130,1.0,0,25480,11700,5850,590720,43030,27950,True,reported_at_empirical_r_star
0.6298698288442827,32.957325908378586,True,127,0.0009977766571239721,0.999002223342876,6.4306229733746e-05,0.9999356937702663,127,0.0009977766571239721,True,127,0.0009977766571239721,resolved,random two-local,random_baseline,random_11,6,1.0,0.001,2.0420352248333655,500,127,False,45,0,45,0,45,15,0.821962489621633,29.538579814149074,5.51389200524681,385,first_order_commutator_proxy,156070,proxy_not_certified_for_fidelity,312.1388209788015,"(t^2 / (2 r)) * sum_{a<b} ||[H_a, H_b]|| <= eps",False,placeholder_requires_theorem_specific_input,,missing_theorem_formula_or_constants,"Need the exact low-energy bound to implement, including constants, normalization/energy-shift conventions, and how its accuracy parameter maps onto the notebook's fidelity-error threshold.",False,basis_change_plus_parity_cnot_plus_synthesized_rz,0.007874015748031496,0,196,90,45,4552,331,True,True,215,6,98,45,36,36,215,127,1.0,0,24892,11430,5715,578104,42037,27305,True,reported_at_empirical_r_star
0.6849883318209801,34.44194961112223,True,126,0.0009996200835939995,0.999000379916406,6.34415923062015e-05,0.9999365584076938,126,0.0009996200835939995,True,126,0.0009996200835939995,resolved,random two-local,random_baseline,random_11,6,1.0,0.001,2.199114857512855,500,126,False,45,0,45,0,45,15,0.821962489621633,29.538579814149074,5.51389200524681,385,first_order_commutator_proxy,156070,proxy_not_certified_for_fidelity,312.1388209788015,"(t^2 / (2 r)) * sum_{a<b} ||[H_a, H_b]|| <= eps",False,placeholder_requires_theorem_specific_input,,missing_theorem_formula_or_constants,"Need the exact low-energy bound to implement, including constants, normalization/energy-shift conventions, and how its accuracy parameter maps onto the notebook's fidelity-error threshold.",False,basis_change_plus_parity_cnot_plus_synthesized_rz,0.007936507936507936,0,196,90,45,4556,331,True,True,215,6,98,45,36,36,215,126,1.0,0,24696,11340,5670,574056,41706,27090,True,reported_at_empirical_r_star
0.7438185470992784,35.69147868933259,True,127,0.0009924122232564114,0.9990075877767436,6.401471698791461e-05,0.9999359852830121,127,0.0009924122232564114,True,127,0.0009924122232564114,resolved,random two-local,random_baseline,random_11,6,1.0,0.001,2.356194490192345,500,127,False,45,0,45,0,45,15,0.821962489621633,29.538579814149074,5.51389200524681,385,first_order_commutator_proxy,156070,proxy_not_certified_for_fidelity,312.1388209788015,"(t^2 / (2 r)) * sum_{a<b} ||[H_a, H_b]|| <= eps",False,placeholder_requires_theorem_specific_input,,missing_theorem_formula_or_constants,"Need the exact low-energy bound to implement, including constants, normalization/energy-shift conventions, and how its accuracy parameter maps onto the notebook's fidelity-error threshold.",False,basis_change_plus_parity_cnot_plus_synthesized_rz,0.007874015748031496,0,196,90,45,4552,331,True,True,215,6,98,45,36,36,215,127,1.0,0,24892,11430,5715,578104,42037,27305,True,reported_at_empirical_r_star
0.8006017633135266,36.45268451472643,True,129,0.0009871673084558275,0.9990128326915442,6.57029617695537e-05,0.9999342970382304,129,0.0009871673084558275,True,129,0.0009871673084558275,resolved,random two-local,random_baseline,random_11,6,1.0,0.001,2.5132741228718345,500,129,False,45,0,45,0,45,15,0.821962489621633,29.538579814149074,5.51389200524681,385,first_order_commutator_proxy,156070,proxy_not_certified_for_fidelity,312.1388209788015,"(t^2 / (2 r)) * sum_{a<b} ||[H_a, H_b]|| <= eps",False,placeholder_requires_theorem_specific_input,,missing_theorem_formula_or_constants,"Need the exact low-energy bound to implement, including constants, normalization/energy-shift conventions, and how its accuracy parameter maps onto the notebook's fidelity-error threshold.",False,basis_change_plus_parity_cnot_plus_synthesized_rz,0.007751937984496124,0,196,90,45,4546,331,True,True,215,6,98,45,36,36,215,129,1.0,0,25284,11610,5805,586434,42699,27735,True,reported_at_empirical_r_star
0.8497796436287438,36.61635360144351,True,131,0.0009889103599874938,0.9990110896400125,6.784914023050259e-05,0.9999321508597695,131,0.0009889103599874938,True,131,0.0009889103599874938,resolved,random two-local,random_baseline,random_11,6,1.0,0.001,2.670353755551324,500,131,False,45,0,45,0,45,15,0.821962489621633,29.538579814149074,5.51389200524681,385,first_order_commutator_proxy,156070,proxy_not_certified_for_fidelity,312.1388209788015,"(t^2 / (2 r)) * sum_{a<b} ||[H_a, H_b]|| <= eps",False,placeholder_requires_theorem_specific_input,,missing_theorem_formula_or_constants,"Need the exact low-energy bound to implement, including constants, normalization/energy-shift conventions, and how its accuracy parameter maps onto the notebook's fidelity-error threshold.",False,basis_change_plus_parity_cnot_plus_synthesized_rz,0.007633587786259542,0,196,90,45,4542,331,True,True,215,6,98,45,36,36,215,131,1.0,0,25676,11790,5895,595002,43361,28165,True,reported_at_empirical_r_star
0.886538314477236,36.24123292152849,True,133,0.0009858223427254842,0.9990141776572745,6.966377873141028e-05,0.9999303362212686,133,0.0009858223427254842,True,133,0.0009858223427254842,resolved,random two-local,random_baseline,random_11,6,1.0,0.001,2.827433388230814,500,133,False,45,0,45,0,45,15,0.821962489621633,29.538579814149074,5.51389200524681,385,first_order_commutator_proxy,156070,proxy_not_certified_for_fidelity,312.1388209788015,"(t^2 / (2 r)) * sum_{a<b} ||[H_a, H_b]|| <= eps",False,placeholder_requires_theorem_specific_input,,missing_theorem_formula_or_constants,"Need the exact low-energy bound to implement, including constants, normalization/energy-shift conventions, and how its accuracy parameter maps onto the notebook's fidelity-error threshold.",False,basis_change_plus_parity_cnot_plus_synthesized_rz,0.007518796992481203,0,196,90,45,4558,331,True,True,215,6,98,45,36,36,215,133,1.0,0,26068,11970,5985,606214,44023,28595,True,reported_at_empirical_r_star
0.9072795810436322,35.519720490991226,True,133,0.0009989555150201612,0.9990010444849798,7.05199638473264e-05,0.9999294800361527,133,0.0009989555150201612,True,133,0.0009989555150201612,resolved,random two-local,random_baseline,random_11,6,1.0,0.001,2.9845130209103035,500,133,False,45,0,45,0,45,15,0.821962489621633,29.538579814149074,5.51389200524681,385,first_order_commutator_proxy,156070,proxy_not_certified_for_fidelity,312.1388209788015,"(t^2 / (2 r)) * sum_{a<b} ||[H_a, H_b]|| <= eps",False,placeholder_requires_theorem_specific_input,,missing_theorem_formula_or_constants,"Need the exact low-energy bound to implement, including constants, normalization/energy-shift conventions, and how its accuracy parameter maps onto the notebook's fidelity-error threshold.",False,basis_change_plus_parity_cnot_plus_synthesized_rz,0.007518796992481203,0,196,90,45,4558,331,True,True,215,6,98,45,36,36,215,133,1.0,0,26068,11970,5985,606214,44023,28595,True,reported_at_empirical_r_star
0.9099731436435129,34.699568181332936,True,133,0.000994878932734089,0.9990051210672659,7.015813207056354e-05,0.9999298418679294,133,0.000994878932734089,True,133,0.000994878932734089,resolved,random two-local,random_baseline,random_11,6,1.0,0.001,3.141592653589793,500,133,False,45,0,45,0,45,15,0.821962489621633,29.538579814149074,5.51389200524681,385,first_order_commutator_proxy,156070,proxy_not_certified_for_fidelity,312.1388209788015,"(t^2 / (2 r)) * sum_{a<b} ||[H_a, H_b]|| <= eps",False,placeholder_requires_theorem_specific_input,,missing_theorem_formula_or_constants,"Need the exact low-energy bound to implement, including constants, normalization/energy-shift conventions, and how its accuracy parameter maps onto the notebook's fidelity-error threshold.",False,basis_change_plus_parity_cnot_plus_synthesized_rz,0.007518796992481203,0,196,90,45,4558,331,True,True,215,6,98,45,36,36,215,133,1.0,0,26068,11970,5985,606214,44023,28595,True,reported_at_empirical_r_star
0.8789487738605622,20.53322043215677,True,154,0.0009944366134939653,0.999005563386506,9.409756794764856e-05,0.9999059024320524,154,0.0009944366134939653,True,154,0.0009944366134939653,resolved,random two-local,random_baseline,random_12,6,1.0,0.001,0.0,500,154,False,45,0,45,0,45,15,0.821962489621633,31.75144884187329,5.51389200524681,390,first_order_commutator_proxy,196819,proxy_not_certified_for_fidelity,393.6370081586228,"(t^2 / (2 r)) * sum_{a<b} ||[H_a, H_b]|| <= eps",False,placeholder_requires_theorem_specific_input,,missing_theorem_formula_or_constants,"Need the exact low-energy bound to implement, including constants, normalization/energy-shift conventions, and how its accuracy parameter maps onto the notebook's fidelity-error threshold.",False,basis_change_plus_parity_cnot_plus_synthesized_rz,0.006493506493506494,0,186,90,45,4538,321,True,True,204,6,96,44,32,32,204,154,1.0,0,28644,13860,6930,698852,49434,31416,True,reported_at_empirical_r_star
1.383058541584703,18.53462867865886,True,155,0.000998103427926611,0.9990018965720734,9.558222316197185e-05,0.999904417776838,155,0.000998103427926611,True,155,0.000998103427926611,resolved,random two-local,random_baseline,random_12,6,1.0,0.001,0.15707963267948966,500,155,False,45,0,45,0,45,15,0.821962489621633,31.75144884187329,5.51389200524681,390,first_order_commutator_proxy,196819,proxy_not_certified_for_fidelity,393.6370081586228,"(t^2 / (2 r)) * sum_{a<b} ||[H_a, H_b]|| <= eps",False,placeholder_requires_theorem_specific_input,,missing_theorem_formula_or_constants,"Need the exact low-energy bound to implement, including constants, normalization/energy-shift conventions, and how its accuracy parameter maps onto the notebook's fidelity-error threshold.",False,basis_change_plus_parity_cnot_plus_synthesized_rz,0.0064516129032258064,0,186,90,45,4538,321,True,True,204,6,96,44,32,32,204,155,1.0,0,28830,13950,6975,703390,49755,31620,True,reported_at_empirical_r_star
1.7212814868194222,17.19277505444684,True,156,0.0009945477306829709,0.999005452269317,9.640378877151523e-05,0.9999035962112285,156,0.0009945477306829709,True,156,0.0009945477306829709,resolved,random two-local,random_baseline,random_12,6,1.0,0.001,0.3141592653589793,500,156,False,45,0,45,0,45,15,0.821962489621633,31.75144884187329,5.51389200524681,390,first_order_commutator_proxy,196819,proxy_not_certified_for_fidelity,393.6370081586228,"(t^2 / (2 r)) * sum_{a<b} ||[H_a, H_b]|| <= eps",False,placeholder_requires_theorem_specific_input,,missing_theorem_formula_or_constants,"Need the exact low-energy bound to implement, including constants, normalization/energy-shift conventions, and how its accuracy parameter maps onto the notebook's fidelity-error threshold.",False,basis_change_plus_parity_cnot_plus_synthesized_rz,0.00641025641025641,0,186,90,45,4532,321,True,True,204,6,96,44,32,32,204,156,1.0,0,29016,14040,7020,706992,50076,31824,True,reported_at_empirical_r_star
1.8605099911473133,16.89121484257891,True,156,0.0009941781324462884,0.9990058218675537,9.634343299980141e-05,0.9999036565670002,156,0.0009941781324462884,True,156,0.0009941781324462884,resolved,random two-local,random_baseline,random_12,6,1.0,0.001,0.47123889803846897,500,156,False,45,0,45,0,45,15,0.821962489621633,31.75144884187329,5.51389200524681,390,first_order_commutator_proxy,196819,proxy_not_certified_for_fidelity,393.6370081586228,"(t^2 / (2 r)) * sum_{a<b} ||[H_a, H_b]|| <= eps",False,placeholder_requires_theorem_specific_input,,missing_theorem_formula_or_constants,"Need the exact low-energy bound to implement, including constants, normalization/energy-shift conventions, and how its accuracy parameter maps onto the notebook's fidelity-error threshold.",False,basis_change_plus_parity_cnot_plus_synthesized_rz,0.00641025641025641,0,186,90,45,4532,321,True,True,204,6,96,44,32,32,204,156,1.0,0,29016,14040,7020,706992,50076,31824,True,reported_at_empirical_r_star
1.787115398502738,17.69595016399272,True,155,0.000997514609426542,0.9990024853905735,9.546184626407772e-05,0.9999045381537359,155,0.000997514609426542,True,155,0.000997514609426542,resolved,random two-local,random_baseline,random_12,6,1.0,0.001,0.6283185307179586,500,155,False,45,0,45,0,45,15,0.821962489621633,31.75144884187329,5.51389200524681,390,first_order_commutator_proxy,196819,proxy_not_certified_for_fidelity,393.6370081586228,"(t^2 / (2 r)) * sum_{a<b} ||[H_a, H_b]|| <= eps",False,placeholder_requires_theorem_specific_input,,missing_theorem_formula_or_constants,"Need the exact low-energy bound to implement, including constants, normalization/energy-shift conventions, and how its accuracy parameter maps onto the notebook's fidelity-error threshold.",False,basis_change_plus_parity_cnot_plus_synthesized_rz,0.0064516129032258064,0,186,90,45,4538,321,True,True,204,6,96,44,32,32,204,155,1.0,0,28830,13950,6975,703390,49755,31620,True,reported_at_empirical_r_star
1.5082820829839414,19.335033847057094,True,154,0.0009963234500326434,0.9990036765499674,9.420073959720554e-05,0.9999057992604028,154,0.0009963234500326434,True,154,0.0009963234500326434,resolved,random two-local,random_baseline,random_12,6,1.0,0.001,0.7853981633974483,500,154,False,45,0,45,0,45,15,0.821962489621633,31.75144884187329,5.51389200524681,390,first_order_commutator_proxy,196819,proxy_not_certified_for_fidelity,393.6370081586228,"(t^2 / (2 r)) * sum_{a<b} ||[H_a, H_b]|| <= eps",False,placeholder_requires_theorem_specific_input,,missing_theorem_formula_or_constants,"Need the exact low-energy bound to implement, including constants, normalization/energy-shift conventions, and how its accuracy parameter maps onto the notebook's fidelity-error threshold.",False,basis_change_plus_parity_cnot_plus_synthesized_rz,0.006493506493506494,0,186,90,45,4538,321,True,True,204,6,96,44,32,32,204,154,1.0,0,28644,13860,6930,698852,49434,31416,True,reported_at_empirical_r_star
1.0513041922598485,21.298975441047574,True,153,0.0009961533561270164,0.999003846643873,9.30684678757121e-05,0.9999069315321243,153,0.0009961533561270164,True,153,0.0009961533561270164,resolved,random two-local,random_baseline,random_12,6,1.0,0.001,0.9424777960769379,500,153,False,45,0,45,0,45,15,0.821962489621633,31.75144884187329,5.51389200524681,390,first_order_commutator_proxy,196819,proxy_not_certified_for_fidelity,393.6370081586228,"(t^2 / (2 r)) * sum_{a<b} ||[H_a, H_b]|| <= eps",False,placeholder_requires_theorem_specific_input,,missing_theorem_formula_or_constants,"Need the exact low-energy bound to implement, including constants, normalization/energy-shift conventions, and how its accuracy parameter maps onto the notebook's fidelity-error threshold.",False,basis_change_plus_parity_cnot_plus_synthesized_rz,0.006535947712418301,0,186,90,45,4524,321,True,True,204,6,96,44,32,32,204,153,1.0,0,28458,13770,6885,692172,49113,31212,True,reported_at_empirical_r_star
0.46091390622671824,23.023937216180677,True,152,0.000998624755192301,0.9990013752448077,9.218161508683931e-05,0.9999078183849132,152,0.000998624755192301,True,152,0.000998624755192301,resolved,random two-local,random_baseline,random_12,6,1.0,0.001,1.0995574287564276,500,152,False,45,0,45,0,45,15,0.821962489621633,31.75144884187329,5.51389200524681,390,first_order_commutator_proxy,196819,proxy_not_certified_for_fidelity,393.6370081586228,"(t^2 / (2 r)) * sum_{a<b} ||[H_a, H_b]|| <= eps",False,placeholder_requires_theorem_specific_input,,missing_theorem_formula_or_constants,"Need the exact low-energy bound to implement, including constants, normalization/energy-shift conventions, and how its accuracy parameter maps onto the notebook's fidelity-error threshold.",False,basis_change_plus_parity_cnot_plus_synthesized_rz,0.006578947368421052,0,186,90,45,4548,321,True,True,204,6,96,44,32,32,204,152,1.0,0,28272,13680,6840,691296,48792,31008,True,reported_at_empirical_r_star
-0.20509726042752674,24.088862594314637,True,151,0.0009991207850933437,0.9990008792149067,9.109047842836837e-05,0.9999089095215716,151,0.0009991207850933437,True,151,0.0009991207850933437,resolved,random two-local,random_baseline,random_12,6,1.0,0.001,1.2566370614359172,500,151,False,45,0,45,0,45,15,0.821962489621633,31.75144884187329,5.51389200524681,390,first_order_commutator_proxy,196819,proxy_not_certified_for_fidelity,393.6370081586228,"(t^2 / (2 r)) * sum_{a<b} ||[H_a, H_b]|| <= eps",False,placeholder_requires_theorem_specific_input,,missing_theorem_formula_or_constants,"Need the exact low-energy bound to implement, including constants, normalization/energy-shift conventions, and how its accuracy parameter maps onto the notebook's fidelity-error threshold.",False,basis_change_plus_parity_cnot_plus_synthesized_rz,0.006622516556291391,0,186,90,45,4508,321,True,True,204,6,96,44,32,32,204,151,1.0,0,28086,13590,6795,680708,48471,30804,True,reported_at_empirical_r_star
-0.881535494338109,24.353025953359793,True,150,0.0009893312859456938,0.9990106687140543,8.90487980562682e-05,0.9999109512019437,150,0.0009893312859456938,True,150,0.0009893312859456938,resolved,random two-local,random_baseline,random_12,6,1.0,0.001,1.413716694115407,500,150,False,45,0,45,0,45,15,0.821962489621633,31.75144884187329,5.51389200524681,390,first_order_commutator_proxy,196819,proxy_not_certified_for_fidelity,393.6370081586228,"(t^2 / (2 r)) * sum_{a<b} ||[H_a, H_b]|| <= eps",False,placeholder_requires_theorem_specific_input,,missing_theorem_formula_or_constants,"Need the exact low-energy bound to implement, including constants, normalization/energy-shift conventions, and how its accuracy parameter maps onto the notebook's fidelity-error threshold.",False,basis_change_plus_parity_cnot_plus_synthesized_rz,0.006666666666666667,0,186,90,45,4522,321,True,True,204,6,96,44,32,32,204,150,1.0,0,27900,13500,6750,678300,48150,30600,True,reported_at_empirical_r_star
-1.5021863081475506,23.98374321464898,True,147,0.0009892781877626211,0.9990107218122374,8.553283800860623e-05,0.9999144671619914,147,0.0009892781877626211,True,147,0.0009892781877626211,resolved,random two-local,random_baseline,random_12,6,1.0,0.001,1.5707963267948966,500,147,False,45,0,45,0,45,15,0.821962489621633,31.75144884187329,5.51389200524681,390,first_order_commutator_proxy,196819,proxy_not_certified_for_fidelity,393.6370081586228,"(t^2 / (2 r)) * sum_{a<b} ||[H_a, H_b]|| <= eps",False,placeholder_requires_theorem_specific_input,,missing_theorem_formula_or_constants,"Need the exact low-energy bound to implement, including constants, normalization/energy-shift conventions, and how its accuracy parameter maps onto the notebook's fidelity-error threshold.",False,basis_change_plus_parity_cnot_plus_synthesized_rz,0.006802721088435374,0,186,90,45,4546,321,True,True,204,6,96,44,32,32,204,147,1.0,0,27342,13230,6615,668262,47187,29988,True,reported_at_empirical_r_star
-2.0062960758716932,23.36620786524994,True,143,0.0009861918922057233,0.9990138081077943,8.068209048561759e-05,0.9999193179095144,143,0.0009861918922057233,True,143,0.0009861918922057233,resolved,random two-local,random_baseline,random_12,6,1.0,0.001,1.7278759594743862,500,143,False,45,0,45,0,45,15,0.821962489621633,31.75144884187329,5.51389200524681,390,first_order_commutator_proxy,196819,proxy_not_certified_for_fidelity,393.6370081586228,"(t^2 / (2 r)) * sum_{a<b} ||[H_a, H_b]|| <= eps",False,placeholder_requires_theorem_specific_input,,missing_theorem_formula_or_constants,"Need the exact low-energy bound to implement, including constants, normalization/energy-shift conventions, and how its accuracy parameter maps onto the notebook's fidelity-error threshold.",False,basis_change_plus_parity_cnot_plus_synthesized_rz,0.006993006993006993,0,186,90,45,4572,321,True,True,204,6,96,44,32,32,204,143,1.0,0,26598,12870,6435,653796,45903,29172,True,reported_at_empirical_r_star
-2.344519021106411,22.93246201076162,True,138,0.000990275688558584,0.9990097243114414,7.542494848988834e-05,0.9999245750515101,138,0.000990275688558584,True,138,0.000990275688558584,resolved,random two-local,random_baseline,random_12,6,1.0,0.001,1.8849555921538759,500,138,False,45,0,45,0,45,15,0.821962489621633,31.75144884187329,5.51389200524681,390,first_order_commutator_proxy,196819,proxy_not_certified_for_fidelity,393.6370081586228,"(t^2 / (2 r)) * sum_{a<b} ||[H_a, H_b]|| <= eps",False,placeholder_requires_theorem_specific_input,,missing_theorem_formula_or_constants,"Need the exact low-energy bound to implement, including constants, normalization/energy-shift conventions, and how its accuracy parameter maps onto the notebook's fidelity-error threshold.",False,basis_change_plus_parity_cnot_plus_synthesized_rz,0.007246376811594203,0,186,90,45,4542,321,True,True,204,6,96,44,32,32,204,138,1.0,0,25668,12420,6210,626796,44298,28152,True,reported_at_empirical_r_star
-2.4837475254343047,22.977169018582742,True,134,0.000991700155967945,0.999008299844032,7.11815686106343e-05,0.9999288184313894,134,0.000991700155967945,True,134,0.000991700155967945,resolved,random two-local,random_baseline,random_12,6,1.0,0.001,2.0420352248333655,500,134,False,45,0,45,0,45,15,0.821962489621633,31.75144884187329,5.51389200524681,390,first_order_commutator_proxy,196819,proxy_not_certified_for_fidelity,393.6370081586228,"(t^2 / (2 r)) * sum_{a<b} ||[H_a, H_b]|| <= eps",False,placeholder_requires_theorem_specific_input,,missing_theorem_formula_or_constants,"Need the exact low-energy bound to implement, including constants, normalization/energy-shift conventions, and how its accuracy parameter maps onto the notebook's fidelity-error threshold.",False,basis_change_plus_parity_cnot_plus_synthesized_rz,0.007462686567164179,0,186,90,45,4526,321,True,True,204,6,96,44,32,32,204,134,1.0,0,24924,12060,6030,606484,43014,27336,True,reported_at_empirical_r_star
-2.4103529327897304,23.53243596160225,True,132,0.000993981718191761,0.9990060182818082,6.919637876567908e-05,0.9999308036212343,132,0.000993981718191761,True,132,0.000993981718191761,resolved,random two-local,random_baseline,random_12,6,1.0,0.001,2.199114857512855,500,132,False,45,0,45,0,45,15,0.821962489621633,31.75144884187329,5.51389200524681,390,first_order_commutator_proxy,196819,proxy_not_certified_for_fidelity,393.6370081586228,"(t^2 / (2 r)) * sum_{a<b} ||[H_a, H_b]|| <= eps",False,placeholder_requires_theorem_specific_input,,missing_theorem_formula_or_constants,"Need the exact low-energy bound to implement, including constants, normalization/energy-shift conventions, and how its accuracy parameter maps onto the notebook's fidelity-error threshold.",False,basis_change_plus_parity_cnot_plus_synthesized_rz,0.007575757575757576,0,186,90,45,4558,321,True,True,204,6,96,44,32,32,204,132,1.0,0,24552,11880,5940,601656,42372,26928,True,reported_at_empirical_r_star
-2.131519617270931,24.350735371214572,True,133,0.000988743499383271,0.9990112565006167,6.985917180835077e-05,0.9999301408281916,133,0.000988743499383271,True,133,0.000988743499383271,resolved,random two-local,random_baseline,random_12,6,1.0,0.001,2.356194490192345,500,133,False,45,0,45,0,45,15,0.821962489621633,31.75144884187329,5.51389200524681,390,first_order_commutator_proxy,196819,proxy_not_certified_for_fidelity,393.6370081586228,"(t^2 / (2 r)) * sum_{a<b} ||[H_a, H_b]|| <= eps",False,placeholder_requires_theorem_specific_input,,missing_theorem_formula_or_constants,"Need the exact low-energy bound to implement, including constants, normalization/energy-shift conventions, and how its accuracy parameter maps onto the notebook's fidelity-error threshold.",False,basis_change_plus_parity_cnot_plus_synthesized_rz,0.007518796992481203,0,186,90,45,4564,321,True,True,204,6,96,44,32,32,204,133,1.0,0,24738,11970,5985,607012,42693,27132,True,reported_at_empirical_r_star
-1.6745417265468374,25.002920880121046,True,135,0.000996645546220143,0.9990033544537799,7.255225971047885e-05,0.9999274477402895,135,0.000996645546220143,True,135,0.000996645546220143,resolved,random two-local,random_baseline,random_12,6,1.0,0.001,2.5132741228718345,500,135,False,45,0,45,0,45,15,0.821962489621633,31.75144884187329,5.51389200524681,390,first_order_commutator_proxy,196819,proxy_not_certified_for_fidelity,393.6370081586228,"(t^2 / (2 r)) * sum_{a<b} ||[H_a, H_b]|| <= eps",False,placeholder_requires_theorem_specific_input,,missing_theorem_formula_or_constants,"Need the exact low-energy bound to implement, including constants, normalization/energy-shift conventions, and how its accuracy parameter maps onto the notebook's fidelity-error threshold.",False,basis_change_plus_parity_cnot_plus_synthesized_rz,0.007407407407407408,0,186,90,45,4520,321,True,True,204,6,96,44,32,32,204,135,1.0,0,25110,12150,6075,610200,43335,27540,True,reported_at_empirical_r_star
-1.0841514405137067,25.05355858368829,True,139,0.0009865748931778828,0.9990134251068221,7.616225663042986e-05,0.9999238377433696,139,0.0009865748931778828,True,139,0.0009865748931778828,resolved,random two-local,random_baseline,random_12,6,1.0,0.001,2.670353755551324,500,139,False,45,0,45,0,45,15,0.821962489621633,31.75144884187329,5.51389200524681,390,first_order_commutator_proxy,196819,proxy_not_certified_for_fidelity,393.6370081586228,"(t^2 / (2 r)) * sum_{a<b} ||[H_a, H_b]|| <= eps",False,placeholder_requires_theorem_specific_input,,missing_theorem_formula_or_constants,"Need the exact low-energy bound to implement, including constants, normalization/energy-shift conventions, and how its accuracy parameter maps onto the notebook's fidelity-error threshold.",False,basis_change_plus_parity_cnot_plus_synthesized_rz,0.007194244604316547,0,186,90,45,4528,321,True,True,204,6,96,44,32,32,204,139,1.0,0,25854,12510,6255,629392,44619,28356,True,reported_at_empirical_r_star
-0.41814027385946284,24.245486409601156,True,142,0.0009890511648278366,0.9990109488351722,7.97335330092741e-05,0.9999202664669907,142,0.0009890511648278366,True,142,0.0009890511648278366,resolved,random two-local,random_baseline,random_12,6,1.0,0.001,2.827433388230814,500,142,False,45,0,45,0,45,15,0.821962489621633,31.75144884187329,5.51389200524681,390,first_order_commutator_proxy,196819,proxy_not_certified_for_fidelity,393.6370081586228,"(t^2 / (2 r)) * sum_{a<b} ||[H_a, H_b]|| <= eps",False,placeholder_requires_theorem_specific_input,,missing_theorem_formula_or_constants,"Need the exact low-energy bound to implement, including constants, normalization/energy-shift conventions, and how its accuracy parameter maps onto the notebook's fidelity-error threshold.",False,basis_change_plus_parity_cnot_plus_synthesized_rz,0.007042253521126761,0,186,90,45,4544,321,True,True,204,6,96,44,32,32,204,142,1.0,0,26412,12780,6390,645248,45582,28968,True,reported_at_empirical_r_star
0.2582979600511185,22.621320786122677,True,144,0.0009966779322739816,0.999003322067726,8.270534059695578e-05,0.999917294659403,144,0.0009966779322739816,True,144,0.0009966779322739816,resolved,random two-local,random_baseline,random_12,6,1.0,0.001,2.9845130209103035,500,144,False,45,0,45,0,45,15,0.821962489621633,31.75144884187329,5.51389200524681,390,first_order_commutator_proxy,196819,proxy_not_certified_for_fidelity,393.6370081586228,"(t^2 / (2 r)) * sum_{a<b} ||[H_a, H_b]|| <= eps",False,placeholder_requires_theorem_specific_input,,missing_theorem_formula_or_constants,"Need the exact low-energy bound to implement, including constants, normalization/energy-shift conventions, and how its accuracy parameter maps onto the notebook's fidelity-error threshold.",False,basis_change_plus_parity_cnot_plus_synthesized_rz,0.006944444444444444,0,186,90,45,4532,321,True,True,204,6,96,44,32,32,204,144,1.0,0,26784,12960,6480,652608,46224,29376,True,reported_at_empirical_r_star
0.8789487738605618,20.53322043215677,True,146,0.0009930695584661198,0.9990069304415339,8.481041333940897e-05,0.9999151895866606,146,0.0009930695584661198,True,146,0.0009930695584661198,resolved,random two-local,random_baseline,random_12,6,1.0,0.001,3.141592653589793,500,146,False,45,0,45,0,45,15,0.821962489621633,31.75144884187329,5.51389200524681,390,first_order_commutator_proxy,196819,proxy_not_certified_for_fidelity,393.6370081586228,"(t^2 / (2 r)) * sum_{a<b} ||[H_a, H_b]|| <= eps",False,placeholder_requires_theorem_specific_input,,missing_theorem_formula_or_constants,"Need the exact low-energy bound to implement, including constants, normalization/energy-shift conventions, and how its accuracy parameter maps onto the notebook's fidelity-error threshold.",False,basis_change_plus_parity_cnot_plus_synthesized_rz,0.00684931506849315,0,186,90,45,4552,321,True,True,204,6,96,44,32,32,204,146,1.0,0,27156,13140,6570,664592,46866,29784,True,reported_at_empirical_r_star
-1.3781197695905276,43.31250083136846,True,126,0.0009894651121898912,0.9990105348878101,6.309544681837309e-05,0.9999369045531816,126,0.0009894651121898912,True,126,0.0009894651121898912,resolved,random two-local,random_baseline,random_13,6,1.0,0.001,0.0,500,126,False,45,0,45,0,45,13,0.821962489621633,30.493800196171062,5.51389200524681,386,first_order_commutator_proxy,178720,proxy_not_certified_for_fidelity,357.43834161378,"(t^2 / (2 r)) * sum_{a<b} ||[H_a, H_b]|| <= eps",False,placeholder_requires_theorem_specific_input,,missing_theorem_formula_or_constants,"Need the exact low-energy bound to implement, including constants, normalization/energy-shift conventions, and how its accuracy parameter maps onto the notebook's fidelity-error threshold.",False,basis_change_plus_parity_cnot_plus_synthesized_rz,0.007936507936507936,0,188,90,45,4550,323,True,True,210,6,97,45,34,34,210,126,1.0,0,23688,11340,5670,573300,40698,26460,True,reported_at_empirical_r_star
-1.1394864128323015,42.80525937105735,True,130,0.0009919293900640946,0.9990080706099359,6.723670120578618e-05,0.9999327632987942,130,0.0009919293900640946,True,130,0.0009919293900640946,resolved,random two-local,random_baseline,random_13,6,1.0,0.001,0.15707963267948966,500,130,False,45,0,45,0,45,13,0.821962489621633,30.493800196171062,5.51389200524681,386,first_order_commutator_proxy,178720,proxy_not_certified_for_fidelity,357.43834161378,"(t^2 / (2 r)) * sum_{a<b} ||[H_a, H_b]|| <= eps",False,placeholder_requires_theorem_specific_input,,missing_theorem_formula_or_constants,"Need the exact low-energy bound to implement, including constants, normalization/energy-shift conventions, and how its accuracy parameter maps onto the notebook's fidelity-error threshold.",False,basis_change_plus_parity_cnot_plus_synthesized_rz,0.007692307692307693,0,188,90,45,4542,323,True,True,210,6,97,45,34,34,210,130,1.0,0,24440,11700,5850,590460,41990,27300,True,reported_at_empirical_r_star
-0.9556022890897051,41.67465585122212,True,133,0.000999032279922818,0.9990009677200772,7.078267981663888e-05,0.9999292173201834,133,0.000999032279922818,True,133,0.000999032279922818,resolved,random two-local,random_baseline,random_13,6,1.0,0.001,0.3141592653589793,500,133,False,45,0,45,0,45,13,0.821962489621633,30.493800196171062,5.51389200524681,386,first_order_commutator_proxy,178720,proxy_not_certified_for_fidelity,357.43834161378,"(t^2 / (2 r)) * sum_{a<b} ||[H_a, H_b]|| <= eps",False,placeholder_requires_theorem_specific_input,,missing_theorem_formula_or_constants,"Need the exact low-energy bound to implement, including constants, normalization/energy-shift conventions, and how its accuracy parameter maps onto the notebook's fidelity-error threshold.",False,basis_change_plus_parity_cnot_plus_synthesized_rz,0.007518796992481203,0,188,90,45,4508,323,True,True,210,6,97,45,34,34,210,133,1.0,0,25004,11970,5985,599564,42959,27930,True,reported_at_empirical_r_star
-0.8444672575906895,40.071673136914576,True,136,0.0009895556979212516,0.9990104443020787,7.321224915846081e-05,0.9999267877508415,136,0.0009895556979212516,True,136,0.0009895556979212516,resolved,random two-local,random_baseline,random_13,6,1.0,0.001,0.47123889803846897,500,136,False,45,0,45,0,45,13,0.821962489621633,30.493800196171062,5.51389200524681,386,first_order_commutator_proxy,178720,proxy_not_certified_for_fidelity,357.43834161378,"(t^2 / (2 r)) * sum_{a<b} ||[H_a, H_b]|| <= eps",False,placeholder_requires_theorem_specific_input,,missing_theorem_formula_or_constants,"Need the exact low-energy bound to implement, including constants, normalization/energy-shift conventions, and how its accuracy parameter maps onto the notebook's fidelity-error threshold.",False,basis_change_plus_parity_cnot_plus_synthesized_rz,0.007352941176470588,0,188,90,45,4552,323,True,True,210,6,97,45,34,34,210,136,1.0,0,25568,12240,6120,619072,43928,28560,True,reported_at_empirical_r_star
-0.8169599895416757,38.27881044777797,True,137,0.0009905178701891115,0.9990094821298109,7.427171821161593e-05,0.9999257282817884,137,0.0009905178701891115,True,137,0.0009905178701891115,resolved,random two-local,random_baseline,random_13,6,1.0,0.001,0.6283185307179586,500,137,False,45,0,45,0,45,13,0.821962489621633,30.493800196171062,5.51389200524681,386,first_order_commutator_proxy,178720,proxy_not_certified_for_fidelity,357.43834161378,"(t^2 / (2 r)) * sum_{a<b} ||[H_a, H_b]|| <= eps",False,placeholder_requires_theorem_specific_input,,missing_theorem_formula_or_constants,"Need the exact low-energy bound to implement, including constants, normalization/energy-shift conventions, and how its accuracy parameter maps onto the notebook's fidelity-error threshold.",False,basis_change_plus_parity_cnot_plus_synthesized_rz,0.0072992700729927005,0,188,90,45,4542,323,True,True,210,6,97,45,34,34,210,137,1.0,0,25756,12330,6165,622254,44251,28770,True,reported_at_empirical_r_star
-0.8757730879937062,36.63445997940394,True,137,0.0009860260324570103,0.999013973967543,7.385118077396502e-05,0.999926148819226,137,0.0009860260324570103,True,137,0.0009860260324570103,resolved,random two-local,random_baseline,random_13,6,1.0,0.001,0.7853981633974483,500,137,False,45,0,45,0,45,13,0.821962489621633,30.493800196171062,5.51389200524681,386,first_order_commutator_proxy,178720,proxy_not_certified_for_fidelity,357.43834161378,"(t^2 / (2 r)) * sum_{a<b} ||[H_a, H_b]|| <= eps",False,placeholder_requires_theorem_specific_input,,missing_theorem_formula_or_constants,"Need the exact low-energy bound to implement, including constants, normalization/energy-shift conventions, and how its accuracy parameter maps onto the notebook's fidelity-error threshold.",False,basis_change_plus_parity_cnot_plus_synthesized_rz,0.0072992700729927005,0,188,90,45,4542,323,True,True,210,6,97,45,34,34,210,137,1.0,0,25756,12330,6165,622254,44251,28770,True,reported_at_empirical_r_star
-1.0151495170953433,35.43756262996802,True,135,0.0009903513995427327,0.9990096486004573,7.195768474732578e-05,0.9999280423152527,135,0.0009903513995427327,True,135,0.0009903513995427327,resolved,random two-local,random_baseline,random_13,6,1.0,0.001,0.9424777960769379,500,135,False,45,0,45,0,45,13,0.821962489621633,30.493800196171062,5.51389200524681,386,first_order_commutator_proxy,178720,proxy_not_certified_for_fidelity,357.43834161378,"(t^2 / (2 r)) * sum_{a<b} ||[H_a, H_b]|| <= eps",False,placeholder_requires_theorem_specific_input,,missing_theorem_formula_or_constants,"Need the exact low-energy bound to implement, including constants, normalization/energy-shift conventions, and how its accuracy parameter maps onto the notebook's fidelity-error threshold.",False,basis_change_plus_parity_cnot_plus_synthesized_rz,0.007407407407407408,0,188,90,45,4518,323,True,True,210,6,97,45,34,34,210,135,1.0,0,25380,12150,6075,609930,43605,28350,True,reported_at_empirical_r_star
-1.2214461408734367,34.86564175258193,True,132,0.0009915684467953767,0.9990084315532046,6.883695790638189e-05,0.9999311630420936,132,0.0009915684467953767,True,132,0.0009915684467953767,resolved,random two-local,random_baseline,random_13,6,1.0,0.001,1.0995574287564276,500,132,False,45,0,45,0,45,13,0.821962489621633,30.493800196171062,5.51389200524681,386,first_order_commutator_proxy,178720,proxy_not_certified_for_fidelity,357.43834161378,"(t^2 / (2 r)) * sum_{a<b} ||[H_a, H_b]|| <= eps",False,placeholder_requires_theorem_specific_input,,missing_theorem_formula_or_constants,"Need the exact low-energy bound to implement, including constants, normalization/energy-shift conventions, and how its accuracy parameter maps onto the notebook's fidelity-error threshold.",False,basis_change_plus_parity_cnot_plus_synthesized_rz,0.007575757575757576,0,188,90,45,4538,323,True,True,210,6,97,45,34,34,210,132,1.0,0,24816,11880,5940,599016,42636,27720,True,reported_at_empirical_r_star
-1.4744692084394906,34.934369432378844,True,128,0.0009964124996123536,0.9990035875003876,6.502767526683773e-05,0.9999349723247332,128,0.0009964124996123536,True,128,0.0009964124996123536,resolved,random two-local,random_baseline,random_13,6,1.0,0.001,1.2566370614359172,500,128,False,45,0,45,0,45,13,0.821962489621633,30.493800196171062,5.51389200524681,386,first_order_commutator_proxy,178720,proxy_not_certified_for_fidelity,357.43834161378,"(t^2 / (2 r)) * sum_{a<b} ||[H_a, H_b]|| <= eps",False,placeholder_requires_theorem_specific_input,,missing_theorem_formula_or_constants,"Need the exact low-energy bound to implement, including constants, normalization/energy-shift conventions, and how its accuracy parameter maps onto the notebook's fidelity-error threshold.",False,basis_change_plus_parity_cnot_plus_synthesized_rz,0.0078125,0,188,90,45,4548,323,True,True,210,6,97,45,34,34,210,128,1.0,0,24064,11520,5760,582144,41344,26880,True,reported_at_empirical_r_star
-1.7494510590247654,35.511430022276805,True,124,0.0009997192508091057,0.9990002807491909,6.123264039592513e-05,0.9999387673596041,124,0.0009997192508091057,True,124,0.0009997192508091057,resolved,random two-local,random_baseline,random_13,6,1.0,0.001,1.413716694115407,500,124,False,45,0,45,0,45,13,0.821962489621633,30.493800196171062,5.51389200524681,386,first_order_commutator_proxy,178720,proxy_not_certified_for_fidelity,357.43834161378,"(t^2 / (2 r)) * sum_{a<b} ||[H_a, H_b]|| <= eps",False,placeholder_requires_theorem_specific_input,,missing_theorem_formula_or_constants,"Need the exact low-energy bound to implement, including constants, normalization/energy-shift conventions, and how its accuracy parameter maps onto the notebook's fidelity-error threshold.",False,basis_change_plus_parity_cnot_plus_synthesized_rz,0.008064516129032258,0,188,90,45,4538,323,True,True,210,6,97,45,34,34,210,124,1.0,0,23312,11160,5580,562712,40052,26040,True,reported_at_empirical_r_star
-2.019474553182763,36.377442507149105,True,121,0.000996549923782064,0.9990034500762179,5.813283496369781e-05,0.9999418671650363,121,0.000996549923782064,True,121,0.000996549923782064,resolved,random two-local,random_baseline,random_13,6,1.0,0.001,1.5707963267948966,500,121,False,45,0,45,0,45,13,0.821962489621633,30.493800196171062,5.51389200524681,386,first_order_commutator_proxy,178720,proxy_not_certified_for_fidelity,357.43834161378,"(t^2 / (2 r)) * sum_{a<b} ||[H_a, H_b]|| <= eps",False,placeholder_requires_theorem_specific_input,,missing_theorem_formula_or_constants,"Need the exact low-energy bound to implement, including constants, normalization/energy-shift conventions, and how its accuracy parameter maps onto the notebook's fidelity-error threshold.",False,basis_change_plus_parity_cnot_plus_synthesized_rz,0.008264462809917356,0,188,90,45,4544,323,True,True,210,6,97,45,34,34,210,121,1.0,0,22748,10890,5445,549824,39083,25410,True,reported_at_empirical_r_star
-2.25810790994099,37.30965513364486,True,119,0.0009969144149428733,0.9990030855850571,5.626014898563181e-05,0.9999437398510144,119,0.0009969144149428733,True,119,0.0009969144149428733,resolved,random two-local,random_baseline,random_13,6,1.0,0.001,1.7278759594743862,500,119,False,45,0,45,0,45,13,0.821962489621633,30.493800196171062,5.51389200524681,386,first_order_commutator_proxy,178720,proxy_not_certified_for_fidelity,357.43834161378,"(t^2 / (2 r)) * sum_{a<b} ||[H_a, H_b]|| <= eps",False,placeholder_requires_theorem_specific_input,,missing_theorem_formula_or_constants,"Need the exact low-energy bound to implement, including constants, normalization/energy-shift conventions, and how its accuracy parameter maps onto the notebook's fidelity-error threshold.",False,basis_change_plus_parity_cnot_plus_synthesized_rz,0.008403361344537815,0,188,90,45,4532,323,True,True,210,6,97,45,34,34,210,119,1.0,0,22372,10710,5355,539308,38437,24990,True,reported_at_empirical_r_star
-2.441992033683586,38.15645373350061,True,119,0.0009899409136114867,0.9990100590863885,5.588405402601193e-05,0.999944115945974,119,0.0009899409136114867,True,119,0.0009899409136114867,resolved,random two-local,random_baseline,random_13,6,1.0,0.001,1.8849555921538759,500,119,False,45,0,45,0,45,13,0.821962489621633,30.493800196171062,5.51389200524681,386,first_order_commutator_proxy,178720,proxy_not_certified_for_fidelity,357.43834161378,"(t^2 / (2 r)) * sum_{a<b} ||[H_a, H_b]|| <= eps",False,placeholder_requires_theorem_specific_input,,missing_theorem_formula_or_constants,"Need the exact low-energy bound to implement, including constants, normalization/energy-shift conventions, and how its accuracy parameter maps onto the notebook's fidelity-error threshold.",False,basis_change_plus_parity_cnot_plus_synthesized_rz,0.008403361344537815,0,188,90,45,4532,323,True,True,210,6,97,45,34,34,210,119,1.0,0,22372,10710,5355,539308,38437,24990,True,reported_at_empirical_r_star
-2.5531270651826006,38.87525927492223,True,120,0.0009904416361020685,0.9990095583638979,5.6883637860827285e-05,0.9999431163621392,120,0.0009904416361020685,True,120,0.0009904416361020685,resolved,random two-local,random_baseline,random_13,6,1.0,0.001,2.0420352248333655,500,120,False,45,0,45,0,45,13,0.821962489621633,30.493800196171062,5.51389200524681,386,first_order_commutator_proxy,178720,proxy_not_certified_for_fidelity,357.43834161378,"(t^2 / (2 r)) * sum_{a<b} ||[H_a, H_b]|| <= eps",False,placeholder_requires_theorem_specific_input,,missing_theorem_formula_or_constants,"Need the exact low-energy bound to implement, including constants, normalization/energy-shift conventions, and how its accuracy parameter maps onto the notebook's fidelity-error threshold.",False,basis_change_plus_parity_cnot_plus_synthesized_rz,0.008333333333333333,0,188,90,45,4556,323,True,True,210,6,97,45,34,34,210,120,1.0,0,22560,10800,5400,546720,38760,25200,True,reported_at_empirical_r_star
-2.5806343332316164,39.52129816623213,True,122,0.0009885296370313323,0.9990114703629687,5.872571009812866e-05,0.9999412742899019,122,0.0009885296370313323,True,122,0.0009885296370313323,resolved,random two-local,random_baseline,random_13,6,1.0,0.001,2.199114857512855,500,122,False,45,0,45,0,45,13,0.821962489621633,30.493800196171062,5.51389200524681,386,first_order_commutator_proxy,178720,proxy_not_certified_for_fidelity,357.43834161378,"(t^2 / (2 r)) * sum_{a<b} ||[H_a, H_b]|| <= eps",False,placeholder_requires_theorem_specific_input,,missing_theorem_formula_or_constants,"Need the exact low-energy bound to implement, including constants, normalization/energy-shift conventions, and how its accuracy parameter maps onto the notebook's fidelity-error threshold.",False,basis_change_plus_parity_cnot_plus_synthesized_rz,0.00819672131147541,0,188,90,45,4542,323,True,True,210,6,97,45,34,34,210,122,1.0,0,22936,10980,5490,554124,39406,25620,True,reported_at_empirical_r_star
-2.521821234779585,40.194225923501264,True,124,0.0009873975751605313,0.9990126024248395,6.06579302552257e-05,0.9999393420697448,124,0.0009873975751605313,True,124,0.0009873975751605313,resolved,random two-local,random_baseline,random_13,6,1.0,0.001,2.356194490192345,500,124,False,45,0,45,0,45,13,0.821962489621633,30.493800196171062,5.51389200524681,386,first_order_commutator_proxy,178720,proxy_not_certified_for_fidelity,357.43834161378,"(t^2 / (2 r)) * sum_{a<b} ||[H_a, H_b]|| <= eps",False,placeholder_requires_theorem_specific_input,,missing_theorem_formula_or_constants,"Need the exact low-energy bound to implement, including constants, normalization/energy-shift conventions, and how its accuracy parameter maps onto the notebook's fidelity-error threshold.",False,basis_change_plus_parity_cnot_plus_synthesized_rz,0.008064516129032258,0,188,90,45,4538,323,True,True,210,6,97,45,34,34,210,124,1.0,0,23312,11160,5580,562712,40052,26040,True,reported_at_empirical_r_star
-2.382444805677947,40.966152106752546,True,125,0.0009923576690218372,0.9990076423309782,6.20270861759753e-05,0.999937972913824,125,0.0009923576690218372,True,125,0.0009923576690218372,resolved,random two-local,random_baseline,random_13,6,1.0,0.001,2.5132741228718345,500,125,False,45,0,45,0,45,13,0.821962489621633,30.493800196171062,5.51389200524681,386,first_order_commutator_proxy,178720,proxy_not_certified_for_fidelity,357.43834161378,"(t^2 / (2 r)) * sum_{a<b} ||[H_a, H_b]|| <= eps",False,placeholder_requires_theorem_specific_input,,missing_theorem_formula_or_constants,"Need the exact low-energy bound to implement, including constants, normalization/energy-shift conventions, and how its accuracy parameter maps onto the notebook's fidelity-error threshold.",False,basis_change_plus_parity_cnot_plus_synthesized_rz,0.008,0,188,90,45,4560,323,True,True,210,6,97,45,34,34,210,125,1.0,0,23500,11250,5625,570000,40375,26250,True,reported_at_empirical_r_star
-2.176148181899854,41.82187790411811,True,125,0.0009986444876235456,0.9990013555123765,6.251180357585984e-05,0.9999374881964241,125,0.0009986444876235456,True,125,0.0009986444876235456,resolved,random two-local,random_baseline,random_13,6,1.0,0.001,2.670353755551324,500,125,False,45,0,45,0,45,13,0.821962489621633,30.493800196171062,5.51389200524681,386,first_order_commutator_proxy,178720,proxy_not_certified_for_fidelity,357.43834161378,"(t^2 / (2 r)) * sum_{a<b} ||[H_a, H_b]|| <= eps",False,placeholder_requires_theorem_specific_input,,missing_theorem_formula_or_constants,"Need the exact low-energy bound to implement, including constants, normalization/energy-shift conventions, and how its accuracy parameter maps onto the notebook's fidelity-error threshold.",False,basis_change_plus_parity_cnot_plus_synthesized_rz,0.008,0,188,90,45,4560,323,True,True,210,6,97,45,34,34,210,125,1.0,0,23500,11250,5625,570000,40375,26250,True,reported_at_empirical_r_star
-1.9231251143338017,42.63732739720714,True,125,0.0009914549064996558,0.9990085450935003,6.215732936099005e-05,0.999937842670639,125,0.0009914549064996558,True,125,0.0009914549064996558,resolved,random two-local,random_baseline,random_13,6,1.0,0.001,2.827433388230814,500,125,False,45,0,45,0,45,13,0.821962489621633,30.493800196171062,5.51389200524681,386,first_order_commutator_proxy,178720,proxy_not_certified_for_fidelity,357.43834161378,"(t^2 / (2 r)) * sum_{a<b} ||[H_a, H_b]|| <= eps",False,placeholder_requires_theorem_specific_input,,missing_theorem_formula_or_constants,"Need the exact low-energy bound to implement, including constants, normalization/energy-shift conventions, and how its accuracy parameter maps onto the notebook's fidelity-error threshold.",False,basis_change_plus_parity_cnot_plus_synthesized_rz,0.008,0,188,90,45,4560,323,True,True,210,6,97,45,34,34,210,125,1.0,0,23500,11250,5625,570000,40375,26250,True,reported_at_empirical_r_star
-1.6481432637485258,43.20709060513582,True,124,0.0009917681224180797,0.9990082318775819,6.127067035244238e-05,0.9999387293296476,124,0.0009917681224180797,True,124,0.0009917681224180797,resolved,random two-local,random_baseline,random_13,6,1.0,0.001,2.9845130209103035,500,124,False,45,0,45,0,45,13,0.821962489621633,30.493800196171062,5.51389200524681,386,first_order_commutator_proxy,178720,proxy_not_certified_for_fidelity,357.43834161378,"(t^2 / (2 r)) * sum_{a<b} ||[H_a, H_b]|| <= eps",False,placeholder_requires_theorem_specific_input,,missing_theorem_formula_or_constants,"Need the exact low-energy bound to implement, including constants, normalization/energy-shift conventions, and how its accuracy parameter maps onto the notebook's fidelity-error threshold.",False,basis_change_plus_parity_cnot_plus_synthesized_rz,0.008064516129032258,0,188,90,45,4538,323,True,True,210,6,97,45,34,34,210,124,1.0,0,23312,11160,5580,562712,40052,26040,True,reported_at_empirical_r_star
-1.378119769590528,43.31250083136846,True,123,0.000990917696649607,0.9990090823033504,6.0287384472612615e-05,0.9999397126155274,123,0.000990917696649607,True,123,0.000990917696649607,resolved,random two-local,random_baseline,random_13,6,1.0,0.001,3.141592653589793,500,123,False,45,0,45,0,45,13,0.821962489621633,30.493800196171062,5.51389200524681,386,first_order_commutator_proxy,178720,proxy_not_certified_for_fidelity,357.43834161378,"(t^2 / (2 r)) * sum_{a<b} ||[H_a, H_b]|| <= eps",False,placeholder_requires_theorem_specific_input,,missing_theorem_formula_or_constants,"Need the exact low-energy bound to implement, including constants, normalization/energy-shift conventions, and how its accuracy parameter maps onto the notebook's fidelity-error threshold.",False,basis_change_plus_parity_cnot_plus_synthesized_rz,0.008130081300813009,0,188,90,45,4546,323,True,True,210,6,97,45,34,34,210,123,1.0,0,23124,11070,5535,559158,39729,25830,True,reported_at_empirical_r_star
-2.8381601227393474,29.438751000949377,True,127,0.0009967253666046672,0.9990032746333953,6.42910078861858e-05,0.9999357089921138,127,0.0009967253666046672,True,127,0.0009967253666046672,resolved,random two-local,random_baseline,random_14,6,1.0,0.001,0.0,500,127,False,45,0,45,0,45,15,0.8219624896216331,28.123342450318447,5.51389200524681,381,first_order_commutator_proxy,148952,proxy_not_certified_for_fidelity,297.9035578825785,"(t^2 / (2 r)) * sum_{a<b} ||[H_a, H_b]|| <= eps",False,placeholder_requires_theorem_specific_input,,missing_theorem_formula_or_constants,"Need the exact low-energy bound to implement, including constants, normalization/energy-shift conventions, and how its accuracy parameter maps onto the notebook's fidelity-error threshold.",False,basis_change_plus_parity_cnot_plus_synthesized_rz,0.007874015748031496,0,182,90,45,4536,317,True,True,193,6,88,45,30,30,193,127,1.0,0,23114,11430,5715,576072,40259,24511,True,reported_at_empirical_r_star
-2.4089658469751463,31.130769654367477,True,128,0.000999531119221797,0.9990004688807782,6.544571464461857e-05,0.9999345542853554,128,0.000999531119221797,True,128,0.000999531119221797,resolved,random two-local,random_baseline,random_14,6,1.0,0.001,0.15707963267948966,500,128,False,45,0,45,0,45,15,0.8219624896216331,28.123342450318447,5.51389200524681,381,first_order_commutator_proxy,148952,proxy_not_certified_for_fidelity,297.9035578825785,"(t^2 / (2 r)) * sum_{a<b} ||[H_a, H_b]|| <= eps",False,placeholder_requires_theorem_specific_input,,missing_theorem_formula_or_constants,"Need the exact low-energy bound to implement, including constants, normalization/energy-shift conventions, and how its accuracy parameter maps onto the notebook's fidelity-error threshold.",False,basis_change_plus_parity_cnot_plus_synthesized_rz,0.0078125,0,182,90,45,4540,317,True,True,193,6,88,45,30,30,193,128,1.0,0,23296,11520,5760,581120,40576,24704,True,reported_at_empirical_r_star
-1.7819906250832664,33.0704111249829,True,131,0.000986721297575266,0.9990132787024247,6.763488846062149e-05,0.9999323651115394,131,0.000986721297575266,True,131,0.000986721297575266,resolved,random two-local,random_baseline,random_14,6,1.0,0.001,0.3141592653589793,500,131,False,45,0,45,0,45,15,0.8219624896216331,28.123342450318447,5.51389200524681,381,first_order_commutator_proxy,148952,proxy_not_certified_for_fidelity,297.9035578825785,"(t^2 / (2 r)) * sum_{a<b} ||[H_a, H_b]|| <= eps",False,placeholder_requires_theorem_specific_input,,missing_theorem_formula_or_constants,"Need the exact low-energy bound to implement, including constants, normalization/energy-shift conventions, and how its accuracy parameter maps onto the notebook's fidelity-error threshold.",False,basis_change_plus_parity_cnot_plus_synthesized_rz,0.007633587786259542,0,182,90,45,4542,317,True,True,193,6,88,45,30,30,193,131,1.0,0,23842,11790,5895,595002,41527,25283,True,reported_at_empirical_r_star
-1.0186071601757165,34.70317519217583,True,133,0.0009967745697733177,0.9990032254302267,7.042101435239534e-05,0.9999295789856476,133,0.0009967745697733177,True,133,0.0009967745697733177,resolved,random two-local,random_baseline,random_14,6,1.0,0.001,0.47123889803846897,500,133,False,45,0,45,0,45,15,0.8219624896216331,28.123342450318447,5.51389200524681,381,first_order_commutator_proxy,148952,proxy_not_certified_for_fidelity,297.9035578825785,"(t^2 / (2 r)) * sum_{a<b} ||[H_a, H_b]|| <= eps",False,placeholder_requires_theorem_specific_input,,missing_theorem_formula_or_constants,"Need the exact low-energy bound to implement, including constants, normalization/energy-shift conventions, and how its accuracy parameter maps onto the notebook's fidelity-error threshold.",False,basis_change_plus_parity_cnot_plus_synthesized_rz,0.007518796992481203,0,182,90,45,4532,317,True,True,193,6,88,45,30,30,193,133,1.0,0,24206,11970,5985,602756,42161,25669,True,reported_at_empirical_r_star
-0.19354074460300508,35.5228587162102,True,136,0.000993032211896061,0.9990069677881039,7.338797383360518e-05,0.9999266120261664,136,0.000993032211896061,True,136,0.000993032211896061,resolved,random two-local,random_baseline,random_14,6,1.0,0.001,0.6283185307179586,500,136,False,45,0,45,0,45,15,0.8219624896216331,28.123342450318447,5.51389200524681,381,first_order_commutator_proxy,148952,proxy_not_certified_for_fidelity,297.9035578825785,"(t^2 / (2 r)) * sum_{a<b} ||[H_a, H_b]|| <= eps",False,placeholder_requires_theorem_specific_input,,missing_theorem_formula_or_constants,"Need the exact low-energy bound to implement, including constants, normalization/energy-shift conventions, and how its accuracy parameter maps onto the notebook's fidelity-error threshold.",False,basis_change_plus_parity_cnot_plus_synthesized_rz,0.007352941176470588,0,182,90,45,4530,317,True,True,193,6,88,45,30,30,193,136,1.0,0,24752,12240,6120,616080,43112,26248,True,reported_at_empirical_r_star
0.6124453723028718,35.2534104995412,True,139,0.0009883768634598722,0.9990116231365401,7.634867013328606e-05,0.9999236513298667,139,0.0009883768634598722,True,139,0.0009883768634598722,resolved,random two-local,random_baseline,random_14,6,1.0,0.001,0.7853981633974483,500,139,False,45,0,45,0,45,15,0.8219624896216331,28.123342450318447,5.51389200524681,381,first_order_commutator_proxy,148952,proxy_not_certified_for_fidelity,297.9035578825785,"(t^2 / (2 r)) * sum_{a<b} ||[H_a, H_b]|| <= eps",False,placeholder_requires_theorem_specific_input,,missing_theorem_formula_or_constants,"Need the exact low-energy bound to implement, including constants, normalization/energy-shift conventions, and how its accuracy parameter maps onto the notebook's fidelity-error threshold.",False,basis_change_plus_parity_cnot_plus_synthesized_rz,0.007194244604316547,0,182,90,45,4524,317,True,True,193,6,88,45,30,30,193,139,1.0,0,25298,12510,6255,628836,44063,26827,True,reported_at_empirical_r_star
1.3204556537836822,33.950747723610384,True,141,0.0009989973571908894,0.9990010026428091,7.943968558965508e-05,0.9999205603144103,141,0.0009989973571908894,True,141,0.0009989973571908894,resolved,random two-local,random_baseline,random_14,6,1.0,0.001,0.9424777960769379,500,141,False,45,0,45,0,45,15,0.8219624896216331,28.123342450318447,5.51389200524681,381,first_order_commutator_proxy,148952,proxy_not_certified_for_fidelity,297.9035578825785,"(t^2 / (2 r)) * sum_{a<b} ||[H_a, H_b]|| <= eps",False,placeholder_requires_theorem_specific_input,,missing_theorem_formula_or_constants,"Need the exact low-energy bound to implement, including constants, normalization/energy-shift conventions, and how its accuracy parameter maps onto the notebook's fidelity-error threshold.",False,basis_change_plus_parity_cnot_plus_synthesized_rz,0.0070921985815602835,0,182,90,45,4540,317,True,True,193,6,88,45,30,30,193,141,1.0,0,25662,12690,6345,640140,44697,27213,True,reported_at_empirical_r_star
1.861185120490386,31.9859984553865,True,145,0.0009870575116026625,0.9990129424883973,8.300727833421284e-05,0.9999169927216658,145,0.0009870575116026625,True,145,0.0009870575116026625,resolved,random two-local,random_baseline,random_14,6,1.0,0.001,1.0995574287564276,500,145,False,45,0,45,0,45,15,0.8219624896216331,28.123342450318447,5.51389200524681,381,first_order_commutator_proxy,148952,proxy_not_certified_for_fidelity,297.9035578825785,"(t^2 / (2 r)) * sum_{a<b} ||[H_a, H_b]|| <= eps",False,placeholder_requires_theorem_specific_input,,missing_theorem_formula_or_constants,"Need the exact low-energy bound to implement, including constants, normalization/energy-shift conventions, and how its accuracy parameter maps onto the notebook's fidelity-error threshold.",False,basis_change_plus_parity_cnot_plus_synthesized_rz,0.006896551724137931,0,182,90,45,4542,317,True,True,193,6,88,45,30,30,193,145,1.0,0,26390,13050,6525,658590,45965,27985,True,reported_at_empirical_r_star
2.1817034047380073,29.916120641655564,True,148,0.0009964826608370725,0.9990035173391629,8.727243870632062e-05,0.9999127275612937,148,0.0009964826608370725,True,148,0.0009964826608370725,resolved,random two-local,random_baseline,random_14,6,1.0,0.001,1.2566370614359172,500,148,False,45,0,45,0,45,15,0.8219624896216331,28.123342450318447,5.51389200524681,381,first_order_commutator_proxy,148952,proxy_not_certified_for_fidelity,297.9035578825785,"(t^2 / (2 r)) * sum_{a<b} ||[H_a, H_b]|| <= eps",False,placeholder_requires_theorem_specific_input,,missing_theorem_formula_or_constants,"Need the exact low-energy bound to implement, including constants, normalization/energy-shift conventions, and how its accuracy parameter maps onto the notebook's fidelity-error threshold.",False,basis_change_plus_parity_cnot_plus_synthesized_rz,0.006756756756756757,0,182,90,45,4536,317,True,True,193,6,88,45,30,30,193,148,1.0,0,26936,13320,6660,671328,46916,28564,True,reported_at_empirical_r_star
2.2506359436821843,28.290105161215372,True,152,0.0009954664963242044,0.9990045335036758,9.192022666870692e-05,0.9999080797733313,152,0.0009954664963242044,True,152,0.0009954664963242044,resolved,random two-local,random_baseline,random_14,6,1.0,0.001,1.413716694115407,500,152,False,45,0,45,0,45,15,0.8219624896216331,28.123342450318447,5.51389200524681,381,first_order_commutator_proxy,148952,proxy_not_certified_for_fidelity,297.9035578825785,"(t^2 / (2 r)) * sum_{a<b} ||[H_a, H_b]|| <= eps",False,placeholder_requires_theorem_specific_input,,missing_theorem_formula_or_constants,"Need the exact low-energy bound to implement, including constants, normalization/energy-shift conventions, and how its accuracy parameter maps onto the notebook's fidelity-error threshold.",False,basis_change_plus_parity_cnot_plus_synthesized_rz,0.006578947368421052,0,182,90,45,4538,317,True,True,193,6,88,45,30,30,193,152,1.0,0,27664,13680,6840,689776,48184,29336,True,reported_at_empirical_r_star
2.0612351401298223,27.462932601548832,True,155,0.0009993356738668968,0.9990006643261331,9.593459848955543e-05,0.9999040654015104,155,0.0009993356738668968,True,155,0.0009993356738668968,resolved,random two-local,random_baseline,random_14,6,1.0,0.001,1.5707963267948966,500,155,False,45,0,45,0,45,15,0.8219624896216331,28.123342450318447,5.51389200524681,381,first_order_commutator_proxy,148952,proxy_not_certified_for_fidelity,297.9035578825785,"(t^2 / (2 r)) * sum_{a<b} ||[H_a, H_b]|| <= eps",False,placeholder_requires_theorem_specific_input,,missing_theorem_formula_or_constants,"Need the exact low-energy bound to implement, including constants, normalization/energy-shift conventions, and how its accuracy parameter maps onto the notebook's fidelity-error threshold.",False,basis_change_plus_parity_cnot_plus_synthesized_rz,0.0064516129032258064,0,182,90,45,4562,317,True,True,193,6,88,45,30,30,193,155,1.0,0,28210,13950,6975,707110,49135,29915,True,reported_at_empirical_r_star
1.6320408643656223,27.486030663408325,True,157,0.0009944942043510485,0.999005505795649,9.796277533791198e-05,0.9999020372246621,157,0.0009944942043510485,True,157,0.0009944942043510485,resolved,random two-local,random_baseline,random_14,6,1.0,0.001,1.7278759594743862,500,157,False,45,0,45,0,45,15,0.8219624896216331,28.123342450318447,5.51389200524681,381,first_order_commutator_proxy,148952,proxy_not_certified_for_fidelity,297.9035578825785,"(t^2 / (2 r)) * sum_{a<b} ||[H_a, H_b]|| <= eps",False,placeholder_requires_theorem_specific_input,,missing_theorem_formula_or_constants,"Need the exact low-energy bound to implement, including constants, normalization/energy-shift conventions, and how its accuracy parameter maps onto the notebook's fidelity-error threshold.",False,basis_change_plus_parity_cnot_plus_synthesized_rz,0.006369426751592357,0,182,90,45,4546,317,True,True,193,6,88,45,30,30,193,157,1.0,0,28574,14130,7065,713722,49769,30301,True,reported_at_empirical_r_star
1.0050656424737403,28.11352398928997,True,156,0.000997352781777927,0.9990026472182221,9.70478574263689e-05,0.9999029521425736,156,0.000997352781777927,True,156,0.000997352781777927,resolved,random two-local,random_baseline,random_14,6,1.0,0.001,1.8849555921538759,500,156,False,45,0,45,0,45,15,0.8219624896216331,28.123342450318447,5.51389200524681,381,first_order_commutator_proxy,148952,proxy_not_certified_for_fidelity,297.9035578825785,"(t^2 / (2 r)) * sum_{a<b} ||[H_a, H_b]|| <= eps",False,placeholder_requires_theorem_specific_input,,missing_theorem_formula_or_constants,"Need the exact low-energy bound to implement, including constants, normalization/energy-shift conventions, and how its accuracy parameter maps onto the notebook's fidelity-error threshold.",False,basis_change_plus_parity_cnot_plus_synthesized_rz,0.00641025641025641,0,182,90,45,4538,317,True,True,193,6,88,45,30,30,193,156,1.0,0,28392,14040,7020,707928,49452,30108,True,reported_at_empirical_r_star
0.24168217756619204,28.91935456125424,True,153,0.000994165979866013,0.999005834020134,9.313925558085412e-05,0.9999068607444191,153,0.000994165979866013,True,153,0.000994165979866013,resolved,random two-local,random_baseline,random_14,6,1.0,0.001,2.0420352248333655,500,153,False,45,0,45,0,45,15,0.8219624896216331,28.123342450318447,5.51389200524681,381,first_order_commutator_proxy,148952,proxy_not_certified_for_fidelity,297.9035578825785,"(t^2 / (2 r)) * sum_{a<b} ||[H_a, H_b]|| <= eps",False,placeholder_requires_theorem_specific_input,,missing_theorem_formula_or_constants,"Need the exact low-energy bound to implement, including constants, normalization/energy-shift conventions, and how its accuracy parameter maps onto the notebook's fidelity-error threshold.",False,basis_change_plus_parity_cnot_plus_synthesized_rz,0.006535947712418301,0,182,90,45,4524,317,True,True,193,6,88,45,30,30,193,153,1.0,0,27846,13770,6885,692172,48501,29529,True,reported_at_empirical_r_star
-0.5833842380065197,29.47826525166248,True,148,0.0009915629348805632,0.9990084370651194,8.703761414463607e-05,0.9999129623858554,148,0.0009915629348805632,True,148,0.0009915629348805632,resolved,random two-local,random_baseline,random_14,6,1.0,0.001,2.199114857512855,500,148,False,45,0,45,0,45,15,0.8219624896216331,28.123342450318447,5.51389200524681,381,first_order_commutator_proxy,148952,proxy_not_certified_for_fidelity,297.9035578825785,"(t^2 / (2 r)) * sum_{a<b} ||[H_a, H_b]|| <= eps",False,placeholder_requires_theorem_specific_input,,missing_theorem_formula_or_constants,"Need the exact low-energy bound to implement, including constants, normalization/energy-shift conventions, and how its accuracy parameter maps onto the notebook's fidelity-error threshold.",False,basis_change_plus_parity_cnot_plus_synthesized_rz,0.006756756756756757,0,182,90,45,4536,317,True,True,193,6,88,45,30,30,193,148,1.0,0,26936,13320,6660,671328,46916,28564,True,reported_at_empirical_r_star
-1.3893703549123955,29.539731124836347,True,142,0.0009889945302868908,0.9990110054697131,8.004753256851682e-05,0.9999199524674315,142,0.0009889945302868908,True,142,0.0009889945302868908,resolved,random two-local,random_baseline,random_14,6,1.0,0.001,2.356194490192345,500,142,False,45,0,45,0,45,15,0.8219624896216331,28.123342450318447,5.51389200524681,381,first_order_commutator_proxy,148952,proxy_not_certified_for_fidelity,297.9035578825785,"(t^2 / (2 r)) * sum_{a<b} ||[H_a, H_b]|| <= eps",False,placeholder_requires_theorem_specific_input,,missing_theorem_formula_or_constants,"Need the exact low-energy bound to implement, including constants, normalization/energy-shift conventions, and how its accuracy parameter maps onto the notebook's fidelity-error threshold.",False,basis_change_plus_parity_cnot_plus_synthesized_rz,0.007042253521126761,0,182,90,45,4516,317,True,True,193,6,88,45,30,30,193,142,1.0,0,25844,12780,6390,641272,45014,27406,True,reported_at_empirical_r_star
-2.097380636393206,29.127277185489575,True,136,0.0009906120463282209,0.9990093879536718,7.367534892033234e-05,0.9999263246510797,136,0.0009906120463282209,True,136,0.0009906120463282209,resolved,random two-local,random_baseline,random_14,6,1.0,0.001,2.5132741228718345,500,136,False,45,0,45,0,45,15,0.8219624896216331,28.123342450318447,5.51389200524681,381,first_order_commutator_proxy,148952,proxy_not_certified_for_fidelity,297.9035578825785,"(t^2 / (2 r)) * sum_{a<b} ||[H_a, H_b]|| <= eps",False,placeholder_requires_theorem_specific_input,,missing_theorem_formula_or_constants,"Need the exact low-energy bound to implement, including constants, normalization/energy-shift conventions, and how its accuracy parameter maps onto the notebook's fidelity-error threshold.",False,basis_change_plus_parity_cnot_plus_synthesized_rz,0.007352941176470588,0,182,90,45,4530,317,True,True,193,6,88,45,30,30,193,136,1.0,0,24752,12240,6120,616080,43112,26248,True,reported_at_empirical_r_star
-2.6381101030999106,28.524891657216394,True,132,0.0009878359888090271,0.999012164011191,6.930204049515609e-05,0.9999306979595048,132,0.0009878359888090271,True,132,0.0009878359888090271,resolved,random two-local,random_baseline,random_14,6,1.0,0.001,2.670353755551324,500,132,False,45,0,45,0,45,15,0.8219624896216331,28.123342450318447,5.51389200524681,381,first_order_commutator_proxy,148952,proxy_not_certified_for_fidelity,297.9035578825785,"(t^2 / (2 r)) * sum_{a<b} ||[H_a, H_b]|| <= eps",False,placeholder_requires_theorem_specific_input,,missing_theorem_formula_or_constants,"Need the exact low-energy bound to implement, including constants, normalization/energy-shift conventions, and how its accuracy parameter maps onto the notebook's fidelity-error threshold.",False,basis_change_plus_parity_cnot_plus_synthesized_rz,0.007575757575757576,0,182,90,45,4524,317,True,True,193,6,88,45,30,30,193,132,1.0,0,24024,11880,5940,597168,41844,25476,True,reported_at_empirical_r_star
-2.9586283873475328,28.156174831790114,True,130,0.0009952538238963138,0.9990047461761037,6.774394591724242e-05,0.9999322560540828,130,0.0009952538238963138,True,130,0.0009952538238963138,resolved,random two-local,random_baseline,random_14,6,1.0,0.001,2.827433388230814,500,130,False,45,0,45,0,45,15,0.8219624896216331,28.123342450318447,5.51389200524681,381,first_order_commutator_proxy,148952,proxy_not_certified_for_fidelity,297.9035578825785,"(t^2 / (2 r)) * sum_{a<b} ||[H_a, H_b]|| <= eps",False,placeholder_requires_theorem_specific_input,,missing_theorem_formula_or_constants,"Need the exact low-energy bound to implement, including constants, normalization/energy-shift conventions, and how its accuracy parameter maps onto the notebook's fidelity-error threshold.",False,basis_change_plus_parity_cnot_plus_synthesized_rz,0.007692307692307693,0,182,90,45,4552,317,True,True,193,6,88,45,30,30,193,130,1.0,0,23660,11700,5850,591760,41210,25090,True,reported_at_empirical_r_star
-3.027560926291709,28.403596097787695,True,131,0.0009986837282445205,0.9990013162717555,6.89641878902636e-05,0.9999310358121097,131,0.0009986837282445205,True,131,0.0009986837282445205,resolved,random two-local,random_baseline,random_14,6,1.0,0.001,2.9845130209103035,500,131,False,45,0,45,0,45,15,0.8219624896216331,28.123342450318447,5.51389200524681,381,first_order_commutator_proxy,148952,proxy_not_certified_for_fidelity,297.9035578825785,"(t^2 / (2 r)) * sum_{a<b} ||[H_a, H_b]|| <= eps",False,placeholder_requires_theorem_specific_input,,missing_theorem_formula_or_constants,"Need the exact low-energy bound to implement, including constants, normalization/energy-shift conventions, and how its accuracy parameter maps onto the notebook's fidelity-error threshold.",False,basis_change_plus_parity_cnot_plus_synthesized_rz,0.007633587786259542,0,182,90,45,4542,317,True,True,193,6,88,45,30,30,193,131,1.0,0,23842,11790,5895,595002,41527,25283,True,reported_at_empirical_r_star
-2.8381601227393474,29.438751000949377,True,135,0.0009858741352781752,0.9990141258647218,7.217891426503087e-05,0.999927821085735,135,0.0009858741352781752,True,135,0.0009858741352781752,resolved,random two-local,random_baseline,random_14,6,1.0,0.001,3.141592653589793,500,135,False,45,0,45,0,45,15,0.8219624896216331,28.123342450318447,5.51389200524681,381,first_order_commutator_proxy,148952,proxy_not_certified_for_fidelity,297.9035578825785,"(t^2 / (2 r)) * sum_{a<b} ||[H_a, H_b]|| <= eps",False,placeholder_requires_theorem_specific_input,,missing_theorem_formula_or_constants,"Need the exact low-energy bound to implement, including constants, normalization/energy-shift conventions, and how its accuracy parameter maps onto the notebook's fidelity-error threshold.",False,basis_change_plus_parity_cnot_plus_synthesized_rz,0.007407407407407408,0,182,90,45,4542,317,True,True,193,6,88,45,30,30,193,135,1.0,0,24570,12150,6075,613170,42795,26055,True,reported_at_empirical_r_star
-3.143598768052359,21.27626314966146,True,119,0.0009965820866926212,0.9990034179133074,5.6256708011015455e-05,0.999943743291989,119,0.0009965820866926212,True,119,0.0009965820866926212,resolved,random two-local,random_baseline,random_15,6,1.0,0.001,0.0,500,119,False,45,0,45,0,45,15,0.821962489621633,29.982810780716957,5.51389200524681,377,first_order_commutator_proxy,154100,proxy_not_certified_for_fidelity,308.19924974086774,"(t^2 / (2 r)) * sum_{a<b} ||[H_a, H_b]|| <= eps",False,placeholder_requires_theorem_specific_input,,missing_theorem_formula_or_constants,"Need the exact low-energy bound to implement, including constants, normalization/energy-shift conventions, and how its accuracy parameter maps onto the notebook's fidelity-error threshold.",False,basis_change_plus_parity_cnot_plus_synthesized_rz,0.008403361344537815,0,178,90,45,4528,313,True,True,199,6,92,45,31,31,199,119,1.0,0,21182,10710,5355,538832,37247,23681,True,reported_at_empirical_r_star
-2.8386434061039654,23.31782286366601,True,118,0.0009983771730661672,0.9990016228269338,5.546899041508624e-05,0.9999445310095849,118,0.0009983771730661672,True,118,0.0009983771730661672,resolved,random two-local,random_baseline,random_15,6,1.0,0.001,0.15707963267948966,500,118,False,45,0,45,0,45,15,0.821962489621633,29.982810780716957,5.51389200524681,377,first_order_commutator_proxy,154100,proxy_not_certified_for_fidelity,308.19924974086774,"(t^2 / (2 r)) * sum_{a<b} ||[H_a, H_b]|| <= eps",False,placeholder_requires_theorem_specific_input,,missing_theorem_formula_or_constants,"Need the exact low-energy bound to implement, including constants, normalization/energy-shift conventions, and how its accuracy parameter maps onto the notebook's fidelity-error threshold.",False,basis_change_plus_parity_cnot_plus_synthesized_rz,0.00847457627118644,0,178,90,45,4524,313,True,True,199,6,92,45,31,31,199,118,1.0,0,21004,10620,5310,533832,36934,23482,True,reported_at_empirical_r_star
-2.267820560595816,26.332571711761258,True,118,0.0009854168485632364,0.9990145831514368,5.481682990648995e-05,0.9999451831700935,118,0.0009854168485632364,True,118,0.0009854168485632364,resolved,random two-local,random_baseline,random_15,6,1.0,0.001,0.3141592653589793,500,118,False,45,0,45,0,45,15,0.821962489621633,29.982810780716957,5.51389200524681,377,first_order_commutator_proxy,154100,proxy_not_certified_for_fidelity,308.19924974086774,"(t^2 / (2 r)) * sum_{a<b} ||[H_a, H_b]|| <= eps",False,placeholder_requires_theorem_specific_input,,missing_theorem_formula_or_constants,"Need the exact low-energy bound to implement, including constants, normalization/energy-shift conventions, and how its accuracy parameter maps onto the notebook's fidelity-error threshold.",False,basis_change_plus_parity_cnot_plus_synthesized_rz,0.00847457627118644,0,178,90,45,4524,313,True,True,199,6,92,45,31,31,199,118,1.0,0,21004,10620,5310,533832,36934,23482,True,reported_at_empirical_r_star
-1.48700634880287,29.164694083678267,True,118,0.000987626196666258,0.9990123738033337,5.5013605141152055e-05,0.9999449863948588,118,0.000987626196666258,True,118,0.000987626196666258,resolved,random two-local,random_baseline,random_15,6,1.0,0.001,0.47123889803846897,500,118,False,45,0,45,0,45,15,0.821962489621633,29.982810780716957,5.51389200524681,377,first_order_commutator_proxy,154100,proxy_not_certified_for_fidelity,308.19924974086774,"(t^2 / (2 r)) * sum_{a<b} ||[H_a, H_b]|| <= eps",False,placeholder_requires_theorem_specific_input,,missing_theorem_formula_or_constants,"Need the exact low-energy bound to implement, including constants, normalization/energy-shift conventions, and how its accuracy parameter maps onto the notebook's fidelity-error threshold.",False,basis_change_plus_parity_cnot_plus_synthesized_rz,0.00847457627118644,0,178,90,45,4524,313,True,True,199,6,92,45,31,31,199,118,1.0,0,21004,10620,5310,533832,36934,23482,True,reported_at_empirical_r_star
-0.5726323060279361,30.78100361119645,True,119,0.0009877023782626226,0.9990122976217374,5.6030354945502125e-05,0.9999439696450545,119,0.0009877023782626226,True,119,0.0009877023782626226,resolved,random two-local,random_baseline,random_15,6,1.0,0.001,0.6283185307179586,500,119,False,45,0,45,0,45,15,0.821962489621633,29.982810780716957,5.51389200524681,377,first_order_commutator_proxy,154100,proxy_not_certified_for_fidelity,308.19924974086774,"(t^2 / (2 r)) * sum_{a<b} ||[H_a, H_b]|| <= eps",False,placeholder_requires_theorem_specific_input,,missing_theorem_formula_or_constants,"Need the exact low-energy bound to implement, including constants, normalization/energy-shift conventions, and how its accuracy parameter maps onto the notebook's fidelity-error threshold.",False,basis_change_plus_parity_cnot_plus_synthesized_rz,0.008403361344537815,0,178,90,45,4528,313,True,True,199,6,92,45,31,31,199,119,1.0,0,21182,10710,5355,538832,37247,23681,True,reported_at_empirical_r_star
0.385796265603612,30.6608291006113,True,120,0.0009860740706060245,0.999013925929394,5.6957203486751595e-05,0.9999430427965132,120,0.0009860740706060245,True,120,0.0009860740706060245,resolved,random two-local,random_baseline,random_15,6,1.0,0.001,0.7853981633974483,500,120,False,45,0,45,0,45,15,0.821962489621633,29.982810780716957,5.51389200524681,377,first_order_commutator_proxy,154100,proxy_not_certified_for_fidelity,308.19924974086774,"(t^2 / (2 r)) * sum_{a<b} ||[H_a, H_b]|| <= eps",False,placeholder_requires_theorem_specific_input,,missing_theorem_formula_or_constants,"Need the exact low-energy bound to implement, including constants, normalization/energy-shift conventions, and how its accuracy parameter maps onto the notebook's fidelity-error threshold.",False,basis_change_plus_parity_cnot_plus_synthesized_rz,0.008333333333333333,0,178,90,45,4540,313,True,True,199,6,92,45,31,31,199,120,1.0,0,21360,10800,5400,544800,37560,23880,True,reported_at_empirical_r_star
1.294461699735957,28.985427159754714,True,119,0.000997739629329697,0.9990022603706703,5.674550823009383e-05,0.9999432544917699,119,0.000997739629329697,True,119,0.000997739629329697,resolved,random two-local,random_baseline,random_15,6,1.0,0.001,0.9424777960769379,500,119,False,45,0,45,0,45,15,0.821962489621633,29.982810780716957,5.51389200524681,377,first_order_commutator_proxy,154100,proxy_not_certified_for_fidelity,308.19924974086774,"(t^2 / (2 r)) * sum_{a<b} ||[H_a, H_b]|| <= eps",False,placeholder_requires_theorem_specific_input,,missing_theorem_formula_or_constants,"Need the exact low-energy bound to implement, including constants, normalization/energy-shift conventions, and how its accuracy parameter maps onto the notebook's fidelity-error threshold.",False,basis_change_plus_parity_cnot_plus_synthesized_rz,0.008403361344537815,0,178,90,45,4528,313,True,True,199,6,92,45,31,31,199,119,1.0,0,21182,10710,5355,538832,37247,23681,True,reported_at_empirical_r_star
2.0644174926318697,26.55549893902708,True,117,0.0009992576608760517,0.999000742339124,5.498729791475476e-05,0.9999450127020852,117,0.0009992576608760517,True,117,0.0009992576608760517,resolved,random two-local,random_baseline,random_15,6,1.0,0.001,1.0995574287564276,500,117,False,45,0,45,0,45,15,0.821962489621633,29.982810780716957,5.51389200524681,377,first_order_commutator_proxy,154100,proxy_not_certified_for_fidelity,308.19924974086774,"(t^2 / (2 r)) * sum_{a<b} ||[H_a, H_b]|| <= eps",False,placeholder_requires_theorem_specific_input,,missing_theorem_formula_or_constants,"Need the exact low-energy bound to implement, including constants, normalization/energy-shift conventions, and how its accuracy parameter maps onto the notebook's fidelity-error threshold.",False,basis_change_plus_parity_cnot_plus_synthesized_rz,0.008547008547008548,0,178,90,45,4530,313,True,True,199,6,92,45,31,31,199,117,1.0,0,20826,10530,5265,530010,36621,23283,True,reported_at_empirical_r_star
2.620295006685248,24.46961373100565,True,114,0.000996686624651022,0.999003313375349,5.207750824498536e-05,0.999947922491755,114,0.000996686624651022,True,114,0.000996686624651022,resolved,random two-local,random_baseline,random_15,6,1.0,0.001,1.2566370614359172,500,114,False,45,0,45,0,45,15,0.821962489621633,29.982810780716957,5.51389200524681,377,first_order_commutator_proxy,154100,proxy_not_certified_for_fidelity,308.19924974086774,"(t^2 / (2 r)) * sum_{a<b} ||[H_a, H_b]|| <= eps",False,placeholder_requires_theorem_specific_input,,missing_theorem_formula_or_constants,"Need the exact low-energy bound to implement, including constants, normalization/energy-shift conventions, and how its accuracy parameter maps onto the notebook's fidelity-error threshold.",False,basis_change_plus_parity_cnot_plus_synthesized_rz,0.008771929824561403,0,178,90,45,4566,313,True,True,199,6,92,45,31,31,199,114,1.0,0,20292,10260,5130,520524,35682,22686,True,reported_at_empirical_r_star
2.9076810777941624,23.687911010968932,True,111,0.0009873642736863975,0.9990126357263136,4.886416300542429e-05,0.9999511358369946,111,0.0009873642736863975,True,111,0.0009873642736863975,resolved,random two-local,random_baseline,random_15,6,1.0,0.001,1.413716694115407,500,111,False,45,0,45,0,45,15,0.821962489621633,29.982810780716957,5.51389200524681,377,first_order_commutator_proxy,154100,proxy_not_certified_for_fidelity,308.19924974086774,"(t^2 / (2 r)) * sum_{a<b} ||[H_a, H_b]|| <= eps",False,placeholder_requires_theorem_specific_input,,missing_theorem_formula_or_constants,"Need the exact low-energy bound to implement, including constants, normalization/energy-shift conventions, and how its accuracy parameter maps onto the notebook's fidelity-error threshold.",False,basis_change_plus_parity_cnot_plus_synthesized_rz,0.009009009009009009,0,178,90,45,4530,313,True,True,199,6,92,45,31,31,199,111,1.0,0,19758,9990,4995,502830,34743,22089,True,reported_at_empirical_r_star
2.8984443549819794,24.649364843257572,True,108,0.0009882699576172493,0.9990117300423828,4.62127216482866e-05,0.9999537872783517,108,0.0009882699576172493,True,108,0.0009882699576172493,resolved,random two-local,random_baseline,random_15,6,1.0,0.001,1.5707963267948966,500,108,False,45,0,45,0,45,15,0.821962489621633,29.982810780716957,5.51389200524681,377,first_order_commutator_proxy,154100,proxy_not_certified_for_fidelity,308.19924974086774,"(t^2 / (2 r)) * sum_{a<b} ||[H_a, H_b]|| <= eps",False,placeholder_requires_theorem_specific_input,,missing_theorem_formula_or_constants,"Need the exact low-energy bound to implement, including constants, normalization/energy-shift conventions, and how its accuracy parameter maps onto the notebook's fidelity-error threshold.",False,basis_change_plus_parity_cnot_plus_synthesized_rz,0.009259259259259259,0,178,90,45,4540,313,True,True,199,6,92,45,31,31,199,108,1.0,0,19224,9720,4860,490320,33804,21492,True,reported_at_empirical_r_star
2.5934889930335867,27.090368338493626,True,106,0.0009948115318417772,0.9990051884681582,4.471548589968233e-05,0.9999552845141003,106,0.0009948115318417772,True,106,0.0009948115318417772,resolved,random two-local,random_baseline,random_15,6,1.0,0.001,1.7278759594743862,500,106,False,45,0,45,0,45,15,0.821962489621633,29.982810780716957,5.51389200524681,377,first_order_commutator_proxy,154100,proxy_not_certified_for_fidelity,308.19924974086774,"(t^2 / (2 r)) * sum_{a<b} ||[H_a, H_b]|| <= eps",False,placeholder_requires_theorem_specific_input,,missing_theorem_formula_or_constants,"Need the exact low-energy bound to implement, including constants, normalization/energy-shift conventions, and how its accuracy parameter maps onto the notebook's fidelity-error threshold.",False,basis_change_plus_parity_cnot_plus_synthesized_rz,0.009433962264150943,0,178,90,45,4518,313,True,True,199,6,92,45,31,31,199,106,1.0,0,18868,9540,4770,478908,33178,21094,True,reported_at_empirical_r_star
2.022666147525435,30.13527793187434,True,106,0.0009928849473682666,0.9990071150526317,4.456102209449142e-05,0.9999554389779055,106,0.0009928849473682666,True,106,0.0009928849473682666,resolved,random two-local,random_baseline,random_15,6,1.0,0.001,1.8849555921538759,500,106,False,45,0,45,0,45,15,0.821962489621633,29.982810780716957,5.51389200524681,377,first_order_commutator_proxy,154100,proxy_not_certified_for_fidelity,308.19924974086774,"(t^2 / (2 r)) * sum_{a<b} ||[H_a, H_b]|| <= eps",False,placeholder_requires_theorem_specific_input,,missing_theorem_formula_or_constants,"Need the exact low-energy bound to implement, including constants, normalization/energy-shift conventions, and how its accuracy parameter maps onto the notebook's fidelity-error threshold.",False,basis_change_plus_parity_cnot_plus_synthesized_rz,0.009433962264150943,0,178,90,45,4518,313,True,True,199,6,92,45,31,31,199,106,1.0,0,18868,9540,4770,478908,33178,21094,True,reported_at_empirical_r_star
1.241851935732492,32.62532566923999,True,107,0.0009968711222025917,0.9990031288777974,4.5560139735667526e-05,0.9999544398602643,107,0.0009968711222025917,True,107,0.0009968711222025917,resolved,random two-local,random_baseline,random_15,6,1.0,0.001,2.0420352248333655,500,107,False,45,0,45,0,45,15,0.821962489621633,29.982810780716957,5.51389200524681,377,first_order_commutator_proxy,154100,proxy_not_certified_for_fidelity,308.19924974086774,"(t^2 / (2 r)) * sum_{a<b} ||[H_a, H_b]|| <= eps",False,placeholder_requires_theorem_specific_input,,missing_theorem_formula_or_constants,"Need the exact low-energy bound to implement, including constants, normalization/energy-shift conventions, and how its accuracy parameter maps onto the notebook's fidelity-error threshold.",False,basis_change_plus_parity_cnot_plus_synthesized_rz,0.009345794392523364,0,178,90,45,4534,313,True,True,199,6,92,45,31,31,199,107,1.0,0,19046,9630,4815,485138,33491,21293,True,reported_at_empirical_r_star
0.3274778929575573,33.56080983097401,True,109,0.0009976141947831696,0.9990023858052168,4.731487650100341e-05,0.999952685123499,109,0.0009976141947831696,True,109,0.0009976141947831696,resolved,random two-local,random_baseline,random_15,6,1.0,0.001,2.199114857512855,500,109,False,45,0,45,0,45,15,0.821962489621633,29.982810780716957,5.51389200524681,377,first_order_commutator_proxy,154100,proxy_not_certified_for_fidelity,308.19924974086774,"(t^2 / (2 r)) * sum_{a<b} ||[H_a, H_b]|| <= eps",False,placeholder_requires_theorem_specific_input,,missing_theorem_formula_or_constants,"Need the exact low-energy bound to implement, including constants, normalization/energy-shift conventions, and how its accuracy parameter maps onto the notebook's fidelity-error threshold.",False,basis_change_plus_parity_cnot_plus_synthesized_rz,0.009174311926605505,0,178,90,45,4544,313,True,True,199,6,92,45,31,31,199,109,1.0,0,19402,9810,4905,495296,34117,21691,True,reported_at_empirical_r_star
-0.6309506786739905,32.487703153763995,True,112,0.0009864144911710948,0.9990135855088289,4.940883711279653e-05,0.9999505911628872,112,0.0009864144911710948,True,112,0.0009864144911710948,resolved,random two-local,random_baseline,random_15,6,1.0,0.001,2.356194490192345,500,112,False,45,0,45,0,45,15,0.821962489621633,29.982810780716957,5.51389200524681,377,first_order_commutator_proxy,154100,proxy_not_certified_for_fidelity,308.19924974086774,"(t^2 / (2 r)) * sum_{a<b} ||[H_a, H_b]|| <= eps",False,placeholder_requires_theorem_specific_input,,missing_theorem_formula_or_constants,"Need the exact low-energy bound to implement, including constants, normalization/energy-shift conventions, and how its accuracy parameter maps onto the notebook's fidelity-error threshold.",False,basis_change_plus_parity_cnot_plus_synthesized_rz,0.008928571428571428,0,178,90,45,4518,313,True,True,199,6,92,45,31,31,199,112,1.0,0,19936,10080,5040,506016,35056,22288,True,reported_at_empirical_r_star
-1.539616112806335,29.680541885379984,True,114,0.000991678511961136,0.9990083214880389,5.148419249834113e-05,0.9999485158075017,114,0.000991678511961136,True,114,0.000991678511961136,resolved,random two-local,random_baseline,random_15,6,1.0,0.001,2.5132741228718345,500,114,False,45,0,45,0,45,15,0.821962489621633,29.982810780716957,5.51389200524681,377,first_order_commutator_proxy,154100,proxy_not_certified_for_fidelity,308.19924974086774,"(t^2 / (2 r)) * sum_{a<b} ||[H_a, H_b]|| <= eps",False,placeholder_requires_theorem_specific_input,,missing_theorem_formula_or_constants,"Need the exact low-energy bound to implement, including constants, normalization/energy-shift conventions, and how its accuracy parameter maps onto the notebook's fidelity-error threshold.",False,basis_change_plus_parity_cnot_plus_synthesized_rz,0.008771929824561403,0,178,90,45,4566,313,True,True,199,6,92,45,31,31,199,114,1.0,0,20292,10260,5130,520524,35682,22686,True,reported_at_empirical_r_star
-2.3095719057022484,26.05081166463168,True,116,0.0009897440641385424,0.9990102559358615,5.3235031503895414e-05,0.9999467649684961,116,0.0009897440641385424,True,116,0.0009897440641385424,resolved,random two-local,random_baseline,random_15,6,1.0,0.001,2.670353755551324,500,116,False,45,0,45,0,45,15,0.821962489621633,29.982810780716957,5.51389200524681,377,first_order_commutator_proxy,154100,proxy_not_certified_for_fidelity,308.19924974086774,"(t^2 / (2 r)) * sum_{a<b} ||[H_a, H_b]|| <= eps",False,placeholder_requires_theorem_specific_input,,missing_theorem_formula_or_constants,"Need the exact low-energy bound to implement, including constants, normalization/energy-shift conventions, and how its accuracy parameter maps onto the notebook's fidelity-error threshold.",False,basis_change_plus_parity_cnot_plus_synthesized_rz,0.008620689655172414,0,178,90,45,4544,313,True,True,199,6,92,45,31,31,199,116,1.0,0,20648,10440,5220,527104,36308,23084,True,reported_at_empirical_r_star
-2.8654494197556275,22.814526763370424,True,117,0.0009941655622865975,0.9990058344377134,5.4444689975396976e-05,0.9999455553100246,117,0.0009941655622865975,True,117,0.0009941655622865975,resolved,random two-local,random_baseline,random_15,6,1.0,0.001,2.827433388230814,500,117,False,45,0,45,0,45,15,0.821962489621633,29.982810780716957,5.51389200524681,377,first_order_commutator_proxy,154100,proxy_not_certified_for_fidelity,308.19924974086774,"(t^2 / (2 r)) * sum_{a<b} ||[H_a, H_b]|| <= eps",False,placeholder_requires_theorem_specific_input,,missing_theorem_formula_or_constants,"Need the exact low-energy bound to implement, including constants, normalization/energy-shift conventions, and how its accuracy parameter maps onto the notebook's fidelity-error threshold.",False,basis_change_plus_parity_cnot_plus_synthesized_rz,0.008547008547008548,0,178,90,45,4530,313,True,True,199,6,92,45,31,31,199,117,1.0,0,20826,10530,5265,530010,36621,23283,True,reported_at_empirical_r_star
-3.152835490864542,21.04443579415495,True,118,0.000987746044866178,0.9990122539551338,5.5079911711275464e-05,0.9999449200882887,118,0.000987746044866178,True,118,0.000987746044866178,resolved,random two-local,random_baseline,random_15,6,1.0,0.001,2.9845130209103035,500,118,False,45,0,45,0,45,15,0.821962489621633,29.982810780716957,5.51389200524681,377,first_order_commutator_proxy,154100,proxy_not_certified_for_fidelity,308.19924974086774,"(t^2 / (2 r)) * sum_{a<b} ||[H_a, H_b]|| <= eps",False,placeholder_requires_theorem_specific_input,,missing_theorem_formula_or_constants,"Need the exact low-energy bound to implement, including constants, normalization/energy-shift conventions, and how its accuracy parameter maps onto the notebook's fidelity-error threshold.",False,basis_change_plus_parity_cnot_plus_synthesized_rz,0.00847457627118644,0,178,90,45,4524,313,True,True,199,6,92,45,31,31,199,118,1.0,0,21004,10620,5310,533832,36934,23482,True,reported_at_empirical_r_star
-3.143598768052359,21.27626314966146,True,118,0.0009909487391764893,0.9990090512608235,5.53222947780041e-05,0.999944677705222,118,0.0009909487391764893,True,118,0.0009909487391764893,resolved,random two-local,random_baseline,random_15,6,1.0,0.001,3.141592653589793,500,118,False,45,0,45,0,45,15,0.821962489621633,29.982810780716957,5.51389200524681,377,first_order_commutator_proxy,154100,proxy_not_certified_for_fidelity,308.19924974086774,"(t^2 / (2 r)) * sum_{a<b} ||[H_a, H_b]|| <= eps",False,placeholder_requires_theorem_specific_input,,missing_theorem_formula_or_constants,"Need the exact low-energy bound to implement, including constants, normalization/energy-shift conventions, and how its accuracy parameter maps onto the notebook's fidelity-error threshold.",False,basis_change_plus_parity_cnot_plus_synthesized_rz,0.00847457627118644,0,178,90,45,4524,313,True,True,199,6,92,45,31,31,199,118,1.0,0,21004,10620,5310,533832,36934,23482,True,reported_at_empirical_r_star
0.358498637157767,35.13371674459736,True,114,0.0009979077622672694,0.9990020922377327,5.220471270495075e-05,0.999947795287295,114,0.0009979077622672694,True,114,0.0009979077622672694,resolved,random two-local,random_baseline,random_2,6,1.0,0.001,0.0,500,114,False,45,0,45,0,45,15,0.8219624896216331,30.346324973413065,5.513892005246811,366,first_order_commutator_proxy,163204,proxy_not_certified_for_fidelity,326.4064914696258,"(t^2 / (2 r)) * sum_{a<b} ||[H_a, H_b]|| <= eps",False,placeholder_requires_theorem_specific_input,,missing_theorem_formula_or_constants,"Need the exact low-energy bound to implement, including constants, normalization/energy-shift conventions, and how its accuracy parameter maps onto the notebook's fidelity-error threshold.",False,basis_change_plus_parity_cnot_plus_synthesized_rz,0.008771929824561403,0,206,90,45,4530,341,True,True,224,6,103,45,38,38,224,114,1.0,0,23484,10260,5130,516420,38874,25536,True,reported_at_empirical_r_star
-0.19508819616682865,34.663678755662914,True,115,0.0009830202422073109,0.9990169797577927,5.2305085739612345e-05,0.9999476949142604,115,0.0009830202422073109,True,115,0.0009830202422073109,resolved,random two-local,random_baseline,random_2,6,1.0,0.001,0.15707963267948966,500,115,False,45,0,45,0,45,15,0.8219624896216331,30.346324973413065,5.513892005246811,366,first_order_commutator_proxy,163204,proxy_not_certified_for_fidelity,326.4064914696258,"(t^2 / (2 r)) * sum_{a<b} ||[H_a, H_b]|| <= eps",False,placeholder_requires_theorem_specific_input,,missing_theorem_formula_or_constants,"Need the exact low-energy bound to implement, including constants, normalization/energy-shift conventions, and how its accuracy parameter maps onto the notebook's fidelity-error threshold.",False,basis_change_plus_parity_cnot_plus_synthesized_rz,0.008695652173913044,0,206,90,45,4534,341,True,True,224,6,103,45,38,38,224,115,1.0,0,23690,10350,5175,521410,39215,25760,True,reported_at_empirical_r_star
-0.8253271604235669,33.27693291386118,True,115,0.0009831341321140386,0.999016865867886,5.224298380679393e-05,0.9999477570161932,115,0.0009831341321140386,True,115,0.0009831341321140386,resolved,random two-local,random_baseline,random_2,6,1.0,0.001,0.3141592653589793,500,115,False,45,0,45,0,45,15,0.8219624896216331,30.346324973413065,5.513892005246811,366,first_order_commutator_proxy,163204,proxy_not_certified_for_fidelity,326.4064914696258,"(t^2 / (2 r)) * sum_{a<b} ||[H_a, H_b]|| <= eps",False,placeholder_requires_theorem_specific_input,,missing_theorem_formula_or_constants,"Need the exact low-energy bound to implement, including constants, normalization/energy-shift conventions, and how its accuracy parameter maps onto the notebook's fidelity-error threshold.",False,basis_change_plus_parity_cnot_plus_synthesized_rz,0.008695652173913044,0,206,90,45,4534,341,True,True,224,6,103,45,38,38,224,115,1.0,0,23690,10350,5175,521410,39215,25760,True,reported_at_empirical_r_star
-1.4705260746579287,31.06943726834166,True,115,0.000983307457513516,0.9990166925424865,5.215072441189239e-05,0.9999478492755881,115,0.000983307457513516,True,115,0.000983307457513516,resolved,random two-local,random_baseline,random_2,6,1.0,0.001,0.47123889803846897,500,115,False,45,0,45,0,45,15,0.8219624896216331,30.346324973413065,5.513892005246811,366,first_order_commutator_proxy,163204,proxy_not_certified_for_fidelity,326.4064914696258,"(t^2 / (2 r)) * sum_{a<b} ||[H_a, H_b]|| <= eps",False,placeholder_requires_theorem_specific_input,,missing_theorem_formula_or_constants,"Need the exact low-energy bound to implement, including constants, normalization/energy-shift conventions, and how its accuracy parameter maps onto the notebook's fidelity-error threshold.",False,basis_change_plus_parity_cnot_plus_synthesized_rz,0.008695652173913044,0,206,90,45,4534,341,True,True,224,6,103,45,38,38,224,115,1.0,0,23690,10350,5175,521410,39215,25760,True,reported_at_empirical_r_star
-2.067528373779487,28.314786166721618,True,115,0.0009910694044185098,0.9990089305955815,5.2450986189445103e-05,0.9999475490138106,115,0.0009910694044185098,True,115,0.0009910694044185098,resolved,random two-local,random_baseline,random_2,6,1.0,0.001,0.6283185307179586,500,115,False,45,0,45,0,45,15,0.8219624896216331,30.346324973413065,5.513892005246811,366,first_order_commutator_proxy,163204,proxy_not_certified_for_fidelity,326.4064914696258,"(t^2 / (2 r)) * sum_{a<b} ||[H_a, H_b]|| <= eps",False,placeholder_requires_theorem_specific_input,,missing_theorem_formula_or_constants,"Need the exact low-energy bound to implement, including constants, normalization/energy-shift conventions, and how its accuracy parameter maps onto the notebook's fidelity-error threshold.",False,basis_change_plus_parity_cnot_plus_synthesized_rz,0.008695652173913044,0,206,90,45,4534,341,True,True,224,6,103,45,38,38,224,115,1.0,0,23690,10350,5175,521410,39215,25760,True,reported_at_empirical_r_star
-2.5578953131906204,25.415462338722605,True,116,0.0009949758784237872,0.9990050241215762,5.348093514312424e-05,0.9999465190648569,116,0.0009949758784237872,True,116,0.0009949758784237872,resolved,random two-local,random_baseline,random_2,6,1.0,0.001,0.7853981633974483,500,116,False,45,0,45,0,45,15,0.8219624896216331,30.346324973413065,5.513892005246811,366,first_order_commutator_proxy,163204,proxy_not_certified_for_fidelity,326.4064914696258,"(t^2 / (2 r)) * sum_{a<b} ||[H_a, H_b]|| <= eps",False,placeholder_requires_theorem_specific_input,,missing_theorem_formula_or_constants,"Need the exact low-energy bound to implement, including constants, normalization/energy-shift conventions, and how its accuracy parameter maps onto the notebook's fidelity-error threshold.",False,basis_change_plus_parity_cnot_plus_synthesized_rz,0.008620689655172414,0,206,90,45,4510,341,True,True,224,6,103,45,38,38,224,116,1.0,0,23896,10440,5220,523160,39556,25984,True,reported_at_empirical_r_star
-2.893626360274397,22.81269937165395,True,118,0.000993211610538336,0.9990067883894617,5.517809582411548e-05,0.9999448219041759,118,0.000993211610538336,True,118,0.000993211610538336,resolved,random two-local,random_baseline,random_2,6,1.0,0.001,0.9424777960769379,500,118,False,45,0,45,0,45,15,0.8219624896216331,30.346324973413065,5.513892005246811,366,first_order_commutator_proxy,163204,proxy_not_certified_for_fidelity,326.4064914696258,"(t^2 / (2 r)) * sum_{a<b} ||[H_a, H_b]|| <= eps",False,placeholder_requires_theorem_specific_input,,missing_theorem_formula_or_constants,"Need the exact low-energy bound to implement, including constants, normalization/energy-shift conventions, and how its accuracy parameter maps onto the notebook's fidelity-error threshold.",False,basis_change_plus_parity_cnot_plus_synthesized_rz,0.00847457627118644,0,206,90,45,4526,341,True,True,224,6,103,45,38,38,224,118,1.0,0,24308,10620,5310,534068,40238,26432,True,reported_at_empirical_r_star
-3.0418578209665053,20.883158711563258,True,120,0.0009927280174746311,0.9990072719825254,5.700424092613954e-05,0.9999429957590739,120,0.0009927280174746311,True,120,0.0009927280174746311,resolved,random two-local,random_baseline,random_2,6,1.0,0.001,1.0995574287564276,500,120,False,45,0,45,0,45,15,0.8219624896216331,30.346324973413065,5.513892005246811,366,first_order_commutator_proxy,163204,proxy_not_certified_for_fidelity,326.4064914696258,"(t^2 / (2 r)) * sum_{a<b} ||[H_a, H_b]|| <= eps",False,placeholder_requires_theorem_specific_input,,missing_theorem_formula_or_constants,"Need the exact low-energy bound to implement, including constants, normalization/energy-shift conventions, and how its accuracy parameter maps onto the notebook's fidelity-error threshold.",False,basis_change_plus_parity_cnot_plus_synthesized_rz,0.008333333333333333,0,206,90,45,4564,341,True,True,224,6,103,45,38,38,224,120,1.0,0,24720,10800,5400,547680,40920,26880,True,reported_at_empirical_r_star
-2.9880797671050865,19.855503538032828,True,121,0.000996122627559437,0.9990038773724406,5.814677753490649e-05,0.9999418532224651,121,0.000996122627559437,True,121,0.000996122627559437,resolved,random two-local,random_baseline,random_2,6,1.0,0.001,1.2566370614359172,500,121,False,45,0,45,0,45,15,0.8219624896216331,30.346324973413065,5.513892005246811,366,first_order_commutator_proxy,163204,proxy_not_certified_for_fidelity,326.4064914696258,"(t^2 / (2 r)) * sum_{a<b} ||[H_a, H_b]|| <= eps",False,placeholder_requires_theorem_specific_input,,missing_theorem_formula_or_constants,"Need the exact low-energy bound to implement, including constants, normalization/energy-shift conventions, and how its accuracy parameter maps onto the notebook's fidelity-error threshold.",False,basis_change_plus_parity_cnot_plus_synthesized_rz,0.008264462809917356,0,206,90,45,4544,341,True,True,224,6,103,45,38,38,224,121,1.0,0,24926,10890,5445,549824,41261,27104,True,reported_at_empirical_r_star
-2.7375563692958296,19.77281860623531,True,121,0.0009921377357987593,0.9990078622642012,5.7917235304572046e-05,0.9999420827646954,121,0.0009921377357987593,True,121,0.0009921377357987593,resolved,random two-local,random_baseline,random_2,6,1.0,0.001,1.413716694115407,500,121,False,45,0,45,0,45,15,0.8219624896216331,30.346324973413065,5.513892005246811,366,first_order_commutator_proxy,163204,proxy_not_certified_for_fidelity,326.4064914696258,"(t^2 / (2 r)) * sum_{a<b} ||[H_a, H_b]|| <= eps",False,placeholder_requires_theorem_specific_input,,missing_theorem_formula_or_constants,"Need the exact low-energy bound to implement, including constants, normalization/energy-shift conventions, and how its accuracy parameter maps onto the notebook's fidelity-error threshold.",False,basis_change_plus_parity_cnot_plus_synthesized_rz,0.008264462809917356,0,206,90,45,4544,341,True,True,224,6,103,45,38,38,224,121,1.0,0,24926,10890,5445,549824,41261,27104,True,reported_at_empirical_r_star
-2.3148106032154567,20.51035940628256,True,119,0.0009941532754604854,0.9990058467245395,5.613811247606737e-05,0.9999438618875239,119,0.0009941532754604854,True,119,0.0009941532754604854,resolved,random two-local,random_baseline,random_2,6,1.0,0.001,1.5707963267948966,500,119,False,45,0,45,0,45,15,0.8219624896216331,30.346324973413065,5.513892005246811,366,first_order_commutator_proxy,163204,proxy_not_certified_for_fidelity,326.4064914696258,"(t^2 / (2 r)) * sum_{a<b} ||[H_a, H_b]|| <= eps",False,placeholder_requires_theorem_specific_input,,missing_theorem_formula_or_constants,"Need the exact low-energy bound to implement, including constants, normalization/energy-shift conventions, and how its accuracy parameter maps onto the notebook's fidelity-error threshold.",False,basis_change_plus_parity_cnot_plus_synthesized_rz,0.008403361344537815,0,206,90,45,4516,341,True,True,224,6,103,45,38,38,224,119,1.0,0,24514,10710,5355,537404,40579,26656,True,reported_at_empirical_r_star
-1.7612237698908602,21.838502735669262,True,116,0.0009929497229095308,0.9990070502770905,5.3284664048081076e-05,0.9999467153359519,116,0.0009929497229095308,True,116,0.0009929497229095308,resolved,random two-local,random_baseline,random_2,6,1.0,0.001,1.7278759594743862,500,116,False,45,0,45,0,45,15,0.8219624896216331,30.346324973413065,5.513892005246811,366,first_order_commutator_proxy,163204,proxy_not_certified_for_fidelity,326.4064914696258,"(t^2 / (2 r)) * sum_{a<b} ||[H_a, H_b]|| <= eps",False,placeholder_requires_theorem_specific_input,,missing_theorem_formula_or_constants,"Need the exact low-energy bound to implement, including constants, normalization/energy-shift conventions, and how its accuracy parameter maps onto the notebook's fidelity-error threshold.",False,basis_change_plus_parity_cnot_plus_synthesized_rz,0.008620689655172414,0,206,90,45,4510,341,True,True,224,6,103,45,38,38,224,116,1.0,0,23896,10440,5220,523160,39556,25984,True,reported_at_empirical_r_star
-1.1309848056341223,23.50535579928129,True,113,0.0009869479537896186,0.9990130520462104,5.026575497990571e-05,0.9999497342450201,113,0.0009869479537896186,True,113,0.0009869479537896186,resolved,random two-local,random_baseline,random_2,6,1.0,0.001,1.8849555921538759,500,113,False,45,0,45,0,45,15,0.8219624896216331,30.346324973413065,5.513892005246811,366,first_order_commutator_proxy,163204,proxy_not_certified_for_fidelity,326.4064914696258,"(t^2 / (2 r)) * sum_{a<b} ||[H_a, H_b]|| <= eps",False,placeholder_requires_theorem_specific_input,,missing_theorem_formula_or_constants,"Need the exact low-energy bound to implement, including constants, normalization/energy-shift conventions, and how its accuracy parameter maps onto the notebook's fidelity-error threshold.",False,basis_change_plus_parity_cnot_plus_synthesized_rz,0.008849557522123894,0,206,90,45,4540,341,True,True,224,6,103,45,38,38,224,113,1.0,0,23278,10170,5085,513020,38533,25312,True,reported_at_empirical_r_star
-0.4857858913997598,25.307969109731772,True,110,0.0009929855593781012,0.9990070144406219,4.7935126929354865e-05,0.9999520648730706,110,0.0009929855593781012,True,110,0.0009929855593781012,resolved,random two-local,random_baseline,random_2,6,1.0,0.001,2.0420352248333655,500,110,False,45,0,45,0,45,15,0.8219624896216331,30.346324973413065,5.513892005246811,366,first_order_commutator_proxy,163204,proxy_not_certified_for_fidelity,326.4064914696258,"(t^2 / (2 r)) * sum_{a<b} ||[H_a, H_b]|| <= eps",False,placeholder_requires_theorem_specific_input,,missing_theorem_formula_or_constants,"Need the exact low-energy bound to implement, including constants, normalization/energy-shift conventions, and how its accuracy parameter maps onto the notebook's fidelity-error threshold.",False,basis_change_plus_parity_cnot_plus_synthesized_rz,0.00909090909090909,0,206,90,45,4558,341,True,True,224,6,103,45,38,38,224,110,1.0,0,22660,9900,4950,501380,37510,24640,True,reported_at_empirical_r_star
0.11121640772179923,27.127399609955543,True,109,0.000983643871570239,0.9990163561284298,4.6646391825166944e-05,0.9999533536081748,109,0.000983643871570239,True,109,0.000983643871570239,resolved,random two-local,random_baseline,random_2,6,1.0,0.001,2.199114857512855,500,109,False,45,0,45,0,45,15,0.8219624896216331,30.346324973413065,5.513892005246811,366,first_order_commutator_proxy,163204,proxy_not_certified_for_fidelity,326.4064914696258,"(t^2 / (2 r)) * sum_{a<b} ||[H_a, H_b]|| <= eps",False,placeholder_requires_theorem_specific_input,,missing_theorem_formula_or_constants,"Need the exact low-energy bound to implement, including constants, normalization/energy-shift conventions, and how its accuracy parameter maps onto the notebook's fidelity-error threshold.",False,basis_change_plus_parity_cnot_plus_synthesized_rz,0.009174311926605505,0,206,90,45,4534,341,True,True,224,6,103,45,38,38,224,109,1.0,0,22454,9810,4905,494206,37169,24416,True,reported_at_empirical_r_star
0.6015833471329306,28.918387052985207,True,108,0.0009916043051338974,0.9990083956948661,4.619271573902406e-05,0.999953807284261,108,0.0009916043051338974,True,108,0.0009916043051338974,resolved,random two-local,random_baseline,random_2,6,1.0,0.001,2.356194490192345,500,108,False,45,0,45,0,45,15,0.8219624896216331,30.346324973413065,5.513892005246811,366,first_order_commutator_proxy,163204,proxy_not_certified_for_fidelity,326.4064914696258,"(t^2 / (2 r)) * sum_{a<b} ||[H_a, H_b]|| <= eps",False,placeholder_requires_theorem_specific_input,,missing_theorem_formula_or_constants,"Need the exact low-energy bound to implement, including constants, normalization/energy-shift conventions, and how its accuracy parameter maps onto the notebook's fidelity-error threshold.",False,basis_change_plus_parity_cnot_plus_synthesized_rz,0.009259259259259259,0,206,90,45,4516,341,True,True,224,6,103,45,38,38,224,108,1.0,0,22248,9720,4860,487728,36828,24192,True,reported_at_empirical_r_star
0.9373143942167067,30.663044679601576,True,108,0.0009901032154326916,0.9990098967845673,4.615073052161023e-05,0.9999538492694784,108,0.0009901032154326916,True,108,0.0009901032154326916,resolved,random two-local,random_baseline,random_2,6,1.0,0.001,2.5132741228718345,500,108,False,45,0,45,0,45,15,0.8219624896216331,30.346324973413065,5.513892005246811,366,first_order_commutator_proxy,163204,proxy_not_certified_for_fidelity,326.4064914696258,"(t^2 / (2 r)) * sum_{a<b} ||[H_a, H_b]|| <= eps",False,placeholder_requires_theorem_specific_input,,missing_theorem_formula_or_constants,"Need the exact low-energy bound to implement, including constants, normalization/energy-shift conventions, and how its accuracy parameter maps onto the notebook's fidelity-error threshold.",False,basis_change_plus_parity_cnot_plus_synthesized_rz,0.009259259259259259,0,206,90,45,4516,341,True,True,224,6,103,45,38,38,224,108,1.0,0,22248,9720,4860,487728,36828,24192,True,reported_at_empirical_r_star
1.0855458549088148,32.31247811788204,True,108,0.0009923198485140006,0.999007680151486,4.627295526937747e-05,0.9999537270447306,108,0.0009923198485140006,True,108,0.0009923198485140006,resolved,random two-local,random_baseline,random_2,6,1.0,0.001,2.670353755551324,500,108,False,45,0,45,0,45,15,0.8219624896216331,30.346324973413065,5.513892005246811,366,first_order_commutator_proxy,163204,proxy_not_certified_for_fidelity,326.4064914696258,"(t^2 / (2 r)) * sum_{a<b} ||[H_a, H_b]|| <= eps",False,placeholder_requires_theorem_specific_input,,missing_theorem_formula_or_constants,"Need the exact low-energy bound to implement, including constants, normalization/energy-shift conventions, and how its accuracy parameter maps onto the notebook's fidelity-error threshold.",False,basis_change_plus_parity_cnot_plus_synthesized_rz,0.009259259259259259,0,206,90,45,4516,341,True,True,224,6,103,45,38,38,224,108,1.0,0,22248,9720,4860,487728,36828,24192,True,reported_at_empirical_r_star
1.0317678010473974,33.745015626481475,True,108,0.0009991683294493514,0.9990008316705506,4.659584650490434e-05,0.9999534041534951,108,0.0009991683294493514,True,108,0.0009991683294493514,resolved,random two-local,random_baseline,random_2,6,1.0,0.001,2.827433388230814,500,108,False,45,0,45,0,45,15,0.8219624896216331,30.346324973413065,5.513892005246811,366,first_order_commutator_proxy,163204,proxy_not_certified_for_fidelity,326.4064914696258,"(t^2 / (2 r)) * sum_{a<b} ||[H_a, H_b]|| <= eps",False,placeholder_requires_theorem_specific_input,,missing_theorem_formula_or_constants,"Need the exact low-energy bound to implement, including constants, normalization/energy-shift conventions, and how its accuracy parameter maps onto the notebook's fidelity-error threshold.",False,basis_change_plus_parity_cnot_plus_synthesized_rz,0.009259259259259259,0,206,90,45,4516,341,True,True,224,6,103,45,38,38,224,108,1.0,0,22248,9720,4860,487728,36828,24192,True,reported_at_empirical_r_star
0.7812444032381407,34.76292115967528,True,109,0.0009954994177607812,0.9990045005822392,4.727543919513799e-05,0.9999527245608049,109,0.0009954994177607812,True,109,0.0009954994177607812,resolved,random two-local,random_baseline,random_2,6,1.0,0.001,2.9845130209103035,500,109,False,45,0,45,0,45,15,0.8219624896216331,30.346324973413065,5.513892005246811,366,first_order_commutator_proxy,163204,proxy_not_certified_for_fidelity,326.4064914696258,"(t^2 / (2 r)) * sum_{a<b} ||[H_a, H_b]|| <= eps",False,placeholder_requires_theorem_specific_input,,missing_theorem_formula_or_constants,"Need the exact low-energy bound to implement, including constants, normalization/energy-shift conventions, and how its accuracy parameter maps onto the notebook's fidelity-error threshold.",False,basis_change_plus_parity_cnot_plus_synthesized_rz,0.009174311926605505,0,206,90,45,4534,341,True,True,224,6,103,45,38,38,224,109,1.0,0,22454,9810,4905,494206,37169,24416,True,reported_at_empirical_r_star
0.3584986371577674,35.13371674459735,True,111,0.000982601234558289,0.9990173987654417,4.83682310620237e-05,0.999951631768938,111,0.000982601234558289,True,111,0.000982601234558289,resolved,random two-local,random_baseline,random_2,6,1.0,0.001,3.141592653589793,500,111,False,45,0,45,0,45,15,0.8219624896216331,30.346324973413065,5.513892005246811,366,first_order_commutator_proxy,163204,proxy_not_certified_for_fidelity,326.4064914696258,"(t^2 / (2 r)) * sum_{a<b} ||[H_a, H_b]|| <= eps",False,placeholder_requires_theorem_specific_input,,missing_theorem_formula_or_constants,"Need the exact low-energy bound to implement, including constants, normalization/energy-shift conventions, and how its accuracy parameter maps onto the notebook's fidelity-error threshold.",False,basis_change_plus_parity_cnot_plus_synthesized_rz,0.009009009009009009,0,206,90,45,4544,341,True,True,224,6,103,45,38,38,224,111,1.0,0,22866,9990,4995,504384,37851,24864,True,reported_at_empirical_r_star
-1.1205095491909436,27.684851024280952,True,146,0.000988028012364306,0.9990119719876357,8.4368788971112e-05,0.9999156312110289,146,0.000988028012364306,True,146,0.000988028012364306,resolved,random two-local,random_baseline,random_3,6,1.0,0.001,0.0,500,146,False,45,0,45,0,45,14,0.821962489621633,29.386638565165832,5.51389200524681,363,first_order_commutator_proxy,157211,proxy_not_certified_for_fidelity,314.42165579676487,"(t^2 / (2 r)) * sum_{a<b} ||[H_a, H_b]|| <= eps",False,placeholder_requires_theorem_specific_input,,missing_theorem_formula_or_constants,"Need the exact low-energy bound to implement, including constants, normalization/energy-shift conventions, and how its accuracy parameter maps onto the notebook's fidelity-error threshold.",False,basis_change_plus_parity_cnot_plus_synthesized_rz,0.00684931506849315,0,194,90,45,4550,329,True,True,203,6,96,45,31,31,203,146,1.0,0,28324,13140,6570,664300,48034,29638,True,reported_at_empirical_r_star
-1.1605744639493716,28.268972925515662,True,140,0.0009954790676446335,0.9990045209323554,7.817330281834067e-05,0.9999218266971817,140,0.0009954790676446335,True,140,0.0009954790676446335,resolved,random two-local,random_baseline,random_3,6,1.0,0.001,0.15707963267948966,500,140,False,45,0,45,0,45,14,0.821962489621633,29.386638565165832,5.51389200524681,363,first_order_commutator_proxy,157211,proxy_not_certified_for_fidelity,314.42165579676487,"(t^2 / (2 r)) * sum_{a<b} ||[H_a, H_b]|| <= eps",False,placeholder_requires_theorem_specific_input,,missing_theorem_formula_or_constants,"Need the exact low-energy bound to implement, including constants, normalization/energy-shift conventions, and how its accuracy parameter maps onto the notebook's fidelity-error threshold.",False,basis_change_plus_parity_cnot_plus_synthesized_rz,0.007142857142857143,0,194,90,45,4508,329,True,True,203,6,96,45,31,31,203,140,1.0,0,27160,12600,6300,631120,46060,28420,True,reported_at_empirical_r_star
-1.2010989431981207,28.46793749368585,True,135,0.0009861173961134284,0.9990138826038866,7.200593483058793e-05,0.9999279940651694,135,0.0009861173961134284,True,135,0.0009861173961134284,resolved,random two-local,random_baseline,random_3,6,1.0,0.001,0.3141592653589793,500,135,False,45,0,45,0,45,14,0.821962489621633,29.386638565165832,5.51389200524681,363,first_order_commutator_proxy,157211,proxy_not_certified_for_fidelity,314.42165579676487,"(t^2 / (2 r)) * sum_{a<b} ||[H_a, H_b]|| <= eps",False,placeholder_requires_theorem_specific_input,,missing_theorem_formula_or_constants,"Need the exact low-energy bound to implement, including constants, normalization/energy-shift conventions, and how its accuracy parameter maps onto the notebook's fidelity-error threshold.",False,basis_change_plus_parity_cnot_plus_synthesized_rz,0.007407407407407408,0,194,90,45,4534,329,True,True,203,6,96,45,31,31,203,135,1.0,0,26190,12150,6075,612090,44415,27405,True,reported_at_empirical_r_star
-1.238116168557673,28.21662732933527,True,130,0.0009915363866418447,0.9990084636133582,6.711875680920354e-05,0.9999328812431908,130,0.0009915363866418447,True,130,0.0009915363866418447,resolved,random two-local,random_baseline,random_3,6,1.0,0.001,0.47123889803846897,500,130,False,45,0,45,0,45,14,0.821962489621633,29.386638565165832,5.51389200524681,363,first_order_commutator_proxy,157211,proxy_not_certified_for_fidelity,314.42165579676487,"(t^2 / (2 r)) * sum_{a<b} ||[H_a, H_b]|| <= eps",False,placeholder_requires_theorem_specific_input,,missing_theorem_formula_or_constants,"Need the exact low-energy bound to implement, including constants, normalization/energy-shift conventions, and how its accuracy parameter maps onto the notebook's fidelity-error threshold.",False,basis_change_plus_parity_cnot_plus_synthesized_rz,0.007692307692307693,0,194,90,45,4558,329,True,True,203,6,96,45,31,31,203,130,1.0,0,25220,11700,5850,592540,42770,26390,True,reported_at_empirical_r_star
-1.2680026360956635,27.537907797493457,True,127,0.000995286587446853,0.9990047134125531,6.425427028566855e-05,0.9999357457297143,127,0.000995286587446853,True,127,0.000995286587446853,resolved,random two-local,random_baseline,random_3,6,1.0,0.001,0.6283185307179586,500,127,False,45,0,45,0,45,14,0.821962489621633,29.386638565165832,5.51389200524681,363,first_order_commutator_proxy,157211,proxy_not_certified_for_fidelity,314.42165579676487,"(t^2 / (2 r)) * sum_{a<b} ||[H_a, H_b]|| <= eps",False,placeholder_requires_theorem_specific_input,,missing_theorem_formula_or_constants,"Need the exact low-energy bound to implement, including constants, normalization/energy-shift conventions, and how its accuracy parameter maps onto the notebook's fidelity-error threshold.",False,basis_change_plus_parity_cnot_plus_synthesized_rz,0.007874015748031496,0,194,90,45,4550,329,True,True,203,6,96,45,31,31,203,127,1.0,0,24638,11430,5715,577850,41783,25781,True,reported_at_empirical_r_star
-1.2878328501382086,26.54105137416447,True,127,0.0009888128814351527,0.9990111871185648,6.377136284463347e-05,0.9999362286371554,127,0.0009888128814351527,True,127,0.0009888128814351527,resolved,random two-local,random_baseline,random_3,6,1.0,0.001,0.7853981633974483,500,127,False,45,0,45,0,45,14,0.821962489621633,29.386638565165832,5.51389200524681,363,first_order_commutator_proxy,157211,proxy_not_certified_for_fidelity,314.42165579676487,"(t^2 / (2 r)) * sum_{a<b} ||[H_a, H_b]|| <= eps",False,placeholder_requires_theorem_specific_input,,missing_theorem_formula_or_constants,"Need the exact low-energy bound to implement, including constants, normalization/energy-shift conventions, and how its accuracy parameter maps onto the notebook's fidelity-error threshold.",False,basis_change_plus_parity_cnot_plus_synthesized_rz,0.007874015748031496,0,194,90,45,4550,329,True,True,203,6,96,45,31,31,203,127,1.0,0,24638,11430,5715,577850,41783,25781,True,reported_at_empirical_r_star
-1.2956656911695983,25.394679903430227,True,129,0.0009887504183457851,0.9990112495816542,6.572205777366502e-05,0.9999342779422263,129,0.0009887504183457851,True,129,0.0009887504183457851,resolved,random two-local,random_baseline,random_3,6,1.0,0.001,0.9424777960769379,500,129,False,45,0,45,0,45,14,0.821962489621633,29.386638565165832,5.51389200524681,363,first_order_commutator_proxy,157211,proxy_not_certified_for_fidelity,314.42165579676487,"(t^2 / (2 r)) * sum_{a<b} ||[H_a, H_b]|| <= eps",False,placeholder_requires_theorem_specific_input,,missing_theorem_formula_or_constants,"Need the exact low-energy bound to implement, including constants, normalization/energy-shift conventions, and how its accuracy parameter maps onto the notebook's fidelity-error threshold.",False,basis_change_plus_parity_cnot_plus_synthesized_rz,0.007751937984496124,0,194,90,45,4538,329,True,True,203,6,96,45,31,31,203,129,1.0,0,25026,11610,5805,585402,42441,26187,True,reported_at_empirical_r_star
-1.2907344261350686,24.283122861052867,True,133,0.0009866280910857395,0.9990133719089143,6.965452796281468e-05,0.9999303454720372,133,0.0009866280910857395,True,133,0.0009866280910857395,resolved,random two-local,random_baseline,random_3,6,1.0,0.001,1.0995574287564276,500,133,False,45,0,45,0,45,14,0.821962489621633,29.386638565165832,5.51389200524681,363,first_order_commutator_proxy,157211,proxy_not_certified_for_fidelity,314.42165579676487,"(t^2 / (2 r)) * sum_{a<b} ||[H_a, H_b]|| <= eps",False,placeholder_requires_theorem_specific_input,,missing_theorem_formula_or_constants,"Need the exact low-energy bound to implement, including constants, normalization/energy-shift conventions, and how its accuracy parameter maps onto the notebook's fidelity-error threshold.",False,basis_change_plus_parity_cnot_plus_synthesized_rz,0.007518796992481203,0,194,90,45,4546,329,True,True,203,6,96,45,31,31,203,133,1.0,0,25802,11970,5985,604618,43757,26999,True,reported_at_empirical_r_star
-1.2735217616143415,23.360828556269603,True,137,0.0009947673220046527,0.9990052326779953,7.448102197771256e-05,0.9999255189780223,137,0.0009947673220046527,True,137,0.0009947673220046527,resolved,random two-local,random_baseline,random_3,6,1.0,0.001,1.2566370614359172,500,137,False,45,0,45,0,45,14,0.821962489621633,29.386638565165832,5.51389200524681,363,first_order_commutator_proxy,157211,proxy_not_certified_for_fidelity,314.42165579676487,"(t^2 / (2 r)) * sum_{a<b} ||[H_a, H_b]|| <= eps",False,placeholder_requires_theorem_specific_input,,missing_theorem_formula_or_constants,"Need the exact low-energy bound to implement, including constants, normalization/energy-shift conventions, and how its accuracy parameter maps onto the notebook's fidelity-error threshold.",False,basis_change_plus_parity_cnot_plus_synthesized_rz,0.0072992700729927005,0,194,90,45,4554,329,True,True,203,6,96,45,31,31,203,137,1.0,0,26578,12330,6165,623898,45073,27811,True,reported_at_empirical_r_star
-1.2457125931383923,22.719812206472966,True,141,0.0009927437742075496,0.9990072562257925,7.87188115115578e-05,0.9999212811884884,141,0.0009927437742075496,True,141,0.0009927437742075496,resolved,random two-local,random_baseline,random_3,6,1.0,0.001,1.413716694115407,500,141,False,45,0,45,0,45,14,0.821962489621633,29.386638565165832,5.51389200524681,363,first_order_commutator_proxy,157211,proxy_not_certified_for_fidelity,314.42165579676487,"(t^2 / (2 r)) * sum_{a<b} ||[H_a, H_b]|| <= eps",False,placeholder_requires_theorem_specific_input,,missing_theorem_formula_or_constants,"Need the exact low-energy bound to implement, including constants, normalization/energy-shift conventions, and how its accuracy parameter maps onto the notebook's fidelity-error threshold.",False,basis_change_plus_parity_cnot_plus_synthesized_rz,0.0070921985815602835,0,194,90,45,4522,329,True,True,203,6,96,45,31,31,203,141,1.0,0,27354,12690,6345,637602,46389,28623,True,reported_at_empirical_r_star
-1.2100290758755166,22.37998627889421,True,143,0.0009928039972689762,0.999007196002731,8.097364598302903e-05,0.999919026354017,143,0.0009928039972689762,True,143,0.0009928039972689762,resolved,random two-local,random_baseline,random_3,6,1.0,0.001,1.5707963267948966,500,143,False,45,0,45,0,45,14,0.821962489621633,29.386638565165832,5.51389200524681,363,first_order_commutator_proxy,157211,proxy_not_certified_for_fidelity,314.42165579676487,"(t^2 / (2 r)) * sum_{a<b} ||[H_a, H_b]|| <= eps",False,placeholder_requires_theorem_specific_input,,missing_theorem_formula_or_constants,"Need the exact low-energy bound to implement, including constants, normalization/energy-shift conventions, and how its accuracy parameter maps onto the notebook's fidelity-error threshold.",False,basis_change_plus_parity_cnot_plus_synthesized_rz,0.006993006993006993,0,194,90,45,4514,329,True,True,203,6,96,45,31,31,203,143,1.0,0,27742,12870,6435,645502,47047,29029,True,reported_at_empirical_r_star
-1.1699641611170897,22.303572711171856,True,142,0.000999736289523212,0.9990002637104768,8.041585076923319e-05,0.9999195841492308,142,0.000999736289523212,True,142,0.000999736289523212,resolved,random two-local,random_baseline,random_3,6,1.0,0.001,1.7278759594743862,500,142,False,45,0,45,0,45,14,0.821962489621633,29.386638565165832,5.51389200524681,363,first_order_commutator_proxy,157211,proxy_not_certified_for_fidelity,314.42165579676487,"(t^2 / (2 r)) * sum_{a<b} ||[H_a, H_b]|| <= eps",False,placeholder_requires_theorem_specific_input,,missing_theorem_formula_or_constants,"Need the exact low-energy bound to implement, including constants, normalization/energy-shift conventions, and how its accuracy parameter maps onto the notebook's fidelity-error threshold.",False,basis_change_plus_parity_cnot_plus_synthesized_rz,0.007042253521126761,0,194,90,45,4540,329,True,True,203,6,96,45,31,31,203,142,1.0,0,27548,12780,6390,644680,46718,28826,True,reported_at_empirical_r_star
-1.1294396818683405,22.425936746752203,True,140,0.0009858545459289214,0.9990141454540711,7.710933757909544e-05,0.9999228906624209,140,0.0009858545459289214,True,140,0.0009858545459289214,resolved,random two-local,random_baseline,random_3,6,1.0,0.001,1.8849555921538759,500,140,False,45,0,45,0,45,14,0.821962489621633,29.386638565165832,5.51389200524681,363,first_order_commutator_proxy,157211,proxy_not_certified_for_fidelity,314.42165579676487,"(t^2 / (2 r)) * sum_{a<b} ||[H_a, H_b]|| <= eps",False,placeholder_requires_theorem_specific_input,,missing_theorem_formula_or_constants,"Need the exact low-energy bound to implement, including constants, normalization/energy-shift conventions, and how its accuracy parameter maps onto the notebook's fidelity-error threshold.",False,basis_change_plus_parity_cnot_plus_synthesized_rz,0.007142857142857143,0,194,90,45,4508,329,True,True,203,6,96,45,31,31,203,140,1.0,0,27160,12600,6300,631120,46060,28420,True,reported_at_empirical_r_star
-1.0924224565087868,22.68945918001625,True,135,0.0009898155665998276,0.9990101844334002,7.202220543067739e-05,0.9999279777945693,135,0.0009898155665998276,True,135,0.0009898155665998276,resolved,random two-local,random_baseline,random_3,6,1.0,0.001,2.0420352248333655,500,135,False,45,0,45,0,45,14,0.821962489621633,29.386638565165832,5.51389200524681,363,first_order_commutator_proxy,157211,proxy_not_certified_for_fidelity,314.42165579676487,"(t^2 / (2 r)) * sum_{a<b} ||[H_a, H_b]|| <= eps",False,placeholder_requires_theorem_specific_input,,missing_theorem_formula_or_constants,"Need the exact low-energy bound to implement, including constants, normalization/energy-shift conventions, and how its accuracy parameter maps onto the notebook's fidelity-error threshold.",False,basis_change_plus_parity_cnot_plus_synthesized_rz,0.007407407407407408,0,194,90,45,4534,329,True,True,203,6,96,45,31,31,203,135,1.0,0,26190,12150,6075,612090,44415,27405,True,reported_at_empirical_r_star
-1.0625359889707975,23.06660997428935,True,130,0.0009864703697283206,0.9990135296302717,6.659269539521784e-05,0.9999334073046048,130,0.0009864703697283206,True,130,0.0009864703697283206,resolved,random two-local,random_baseline,random_3,6,1.0,0.001,2.199114857512855,500,130,False,45,0,45,0,45,14,0.821962489621633,29.386638565165832,5.51389200524681,363,first_order_commutator_proxy,157211,proxy_not_certified_for_fidelity,314.42165579676487,"(t^2 / (2 r)) * sum_{a<b} ||[H_a, H_b]|| <= eps",False,placeholder_requires_theorem_specific_input,,missing_theorem_formula_or_constants,"Need the exact low-energy bound to implement, including constants, normalization/energy-shift conventions, and how its accuracy parameter maps onto the notebook's fidelity-error threshold.",False,basis_change_plus_parity_cnot_plus_synthesized_rz,0.007692307692307693,0,194,90,45,4558,329,True,True,203,6,96,45,31,31,203,130,1.0,0,25220,11700,5850,592540,42770,26390,True,reported_at_empirical_r_star
-1.0427057749282516,23.563305661374258,True,125,0.0009938958944119003,0.9990061041055881,6.204720635838434e-05,0.9999379527936416,125,0.0009938958944119003,True,125,0.0009938958944119003,resolved,random two-local,random_baseline,random_3,6,1.0,0.001,2.356194490192345,500,125,False,45,0,45,0,45,14,0.821962489621633,29.386638565165832,5.51389200524681,363,first_order_commutator_proxy,157211,proxy_not_certified_for_fidelity,314.42165579676487,"(t^2 / (2 r)) * sum_{a<b} ||[H_a, H_b]|| <= eps",False,placeholder_requires_theorem_specific_input,,missing_theorem_formula_or_constants,"Need the exact low-energy bound to implement, including constants, normalization/energy-shift conventions, and how its accuracy parameter maps onto the notebook's fidelity-error threshold.",False,basis_change_plus_parity_cnot_plus_synthesized_rz,0.008,0,194,90,45,4516,329,True,True,203,6,96,45,31,31,203,125,1.0,0,24250,11250,5625,564500,41125,25375,True,reported_at_empirical_r_star
-1.0348729338968616,24.201968798596145,True,122,0.0009910142683666745,0.9990089857316333,5.8926233418632457e-05,0.9999410737665814,122,0.0009910142683666745,True,122,0.0009910142683666745,resolved,random two-local,random_baseline,random_3,6,1.0,0.001,2.5132741228718345,500,122,False,45,0,45,0,45,14,0.821962489621633,29.386638565165832,5.51389200524681,363,first_order_commutator_proxy,157211,proxy_not_certified_for_fidelity,314.42165579676487,"(t^2 / (2 r)) * sum_{a<b} ||[H_a, H_b]|| <= eps",False,placeholder_requires_theorem_specific_input,,missing_theorem_formula_or_constants,"Need the exact low-energy bound to implement, including constants, normalization/energy-shift conventions, and how its accuracy parameter maps onto the notebook's fidelity-error threshold.",False,basis_change_plus_parity_cnot_plus_synthesized_rz,0.00819672131147541,0,194,90,45,4538,329,True,True,203,6,96,45,31,31,203,122,1.0,0,23668,10980,5490,553636,40138,24766,True,reported_at_empirical_r_star
-1.0398041989313922,24.99219723722301,True,120,0.0009935416550294063,0.9990064583449706,5.713849176758323e-05,0.9999428615082324,120,0.0009935416550294063,True,120,0.0009935416550294063,resolved,random two-local,random_baseline,random_3,6,1.0,0.001,2.670353755551324,500,120,False,45,0,45,0,45,14,0.821962489621633,29.386638565165832,5.51389200524681,363,first_order_commutator_proxy,157211,proxy_not_certified_for_fidelity,314.42165579676487,"(t^2 / (2 r)) * sum_{a<b} ||[H_a, H_b]|| <= eps",False,placeholder_requires_theorem_specific_input,,missing_theorem_formula_or_constants,"Need the exact low-energy bound to implement, including constants, normalization/energy-shift conventions, and how its accuracy parameter maps onto the notebook's fidelity-error threshold.",False,basis_change_plus_parity_cnot_plus_synthesized_rz,0.008333333333333333,0,194,90,45,4522,329,True,True,203,6,96,45,31,31,203,120,1.0,0,23280,10800,5400,542640,39480,24360,True,reported_at_empirical_r_star
-1.0570168634521195,25.90227927309279,True,119,0.0009980410178435095,0.9990019589821565,5.644360402234927e-05,0.9999435563959777,119,0.0009980410178435095,True,119,0.0009980410178435095,resolved,random two-local,random_baseline,random_3,6,1.0,0.001,2.827433388230814,500,119,False,45,0,45,0,45,14,0.821962489621633,29.386638565165832,5.51389200524681,363,first_order_commutator_proxy,157211,proxy_not_certified_for_fidelity,314.42165579676487,"(t^2 / (2 r)) * sum_{a<b} ||[H_a, H_b]|| <= eps",False,placeholder_requires_theorem_specific_input,,missing_theorem_formula_or_constants,"Need the exact low-energy bound to implement, including constants, normalization/energy-shift conventions, and how its accuracy parameter maps onto the notebook's fidelity-error threshold.",False,basis_change_plus_parity_cnot_plus_synthesized_rz,0.008403361344537815,0,194,90,45,4540,329,True,True,203,6,96,45,31,31,203,119,1.0,0,23086,10710,5355,540260,39151,24157,True,reported_at_empirical_r_star
-1.0848260319280683,26.84486436045814,True,120,0.000989285559022668,0.9990107144409773,5.693033608678011e-05,0.9999430696639132,120,0.000989285559022668,True,120,0.000989285559022668,resolved,random two-local,random_baseline,random_3,6,1.0,0.001,2.9845130209103035,500,120,False,45,0,45,0,45,14,0.821962489621633,29.386638565165832,5.51389200524681,363,first_order_commutator_proxy,157211,proxy_not_certified_for_fidelity,314.42165579676487,"(t^2 / (2 r)) * sum_{a<b} ||[H_a, H_b]|| <= eps",False,placeholder_requires_theorem_specific_input,,missing_theorem_formula_or_constants,"Need the exact low-energy bound to implement, including constants, normalization/energy-shift conventions, and how its accuracy parameter maps onto the notebook's fidelity-error threshold.",False,basis_change_plus_parity_cnot_plus_synthesized_rz,0.008333333333333333,0,194,90,45,4522,329,True,True,203,6,96,45,31,31,203,120,1.0,0,23280,10800,5400,542640,39480,24360,True,reported_at_empirical_r_star
-1.1205095491909436,27.684851024280956,True,122,0.0009922687500777405,0.9990077312499223,5.9099136241136385e-05,0.9999409008637589,122,0.0009922687500777405,True,122,0.0009922687500777405,resolved,random two-local,random_baseline,random_3,6,1.0,0.001,3.141592653589793,500,122,False,45,0,45,0,45,14,0.821962489621633,29.386638565165832,5.51389200524681,363,first_order_commutator_proxy,157211,proxy_not_certified_for_fidelity,314.42165579676487,"(t^2 / (2 r)) * sum_{a<b} ||[H_a, H_b]|| <= eps",False,placeholder_requires_theorem_specific_input,,missing_theorem_formula_or_constants,"Need the exact low-energy bound to implement, including constants, normalization/energy-shift conventions, and how its accuracy parameter maps onto the notebook's fidelity-error threshold.",False,basis_change_plus_parity_cnot_plus_synthesized_rz,0.00819672131147541,0,194,90,45,4538,329,True,True,203,6,96,45,31,31,203,122,1.0,0,23668,10980,5490,553636,40138,24766,True,reported_at_empirical_r_star
-0.1918205614280254,26.80875734706925,True,135,0.0009997619327825058,0.9990002380672175,7.293311329958918e-05,0.9999270668867004,135,0.0009997619327825058,True,135,0.0009997619327825058,resolved,random two-local,random_baseline,random_4,6,1.0,0.001,0.0,500,135,False,45,0,45,0,45,14,0.821962489621633,30.328325757624906,5.51389200524681,395,first_order_commutator_proxy,178070,proxy_not_certified_for_fidelity,356.13833330241386,"(t^2 / (2 r)) * sum_{a<b} ||[H_a, H_b]|| <= eps",False,placeholder_requires_theorem_specific_input,,missing_theorem_formula_or_constants,"Need the exact low-energy bound to implement, including constants, normalization/energy-shift conventions, and how its accuracy parameter maps onto the notebook's fidelity-error threshold.",False,basis_change_plus_parity_cnot_plus_synthesized_rz,0.007407407407407408,0,176,90,45,4546,311,True,True,196,6,91,45,30,30,196,135,1.0,0,23760,12150,6075,613710,41985,26460,True,reported_at_empirical_r_star
0.15059525419867606,25.891349984144753,True,136,0.0009984587175054793,0.9990015412824945,7.399421561915531e-05,0.9999260057843808,136,0.0009984587175054793,True,136,0.0009984587175054793,resolved,random two-local,random_baseline,random_4,6,1.0,0.001,0.15707963267948966,500,136,False,45,0,45,0,45,14,0.821962489621633,30.328325757624906,5.51389200524681,395,first_order_commutator_proxy,178070,proxy_not_certified_for_fidelity,356.13833330241386,"(t^2 / (2 r)) * sum_{a<b} ||[H_a, H_b]|| <= eps",False,placeholder_requires_theorem_specific_input,,missing_theorem_formula_or_constants,"Need the exact low-energy bound to implement, including constants, normalization/energy-shift conventions, and how its accuracy parameter maps onto the notebook's fidelity-error threshold.",False,basis_change_plus_parity_cnot_plus_synthesized_rz,0.007352941176470588,0,176,90,45,4526,311,True,True,196,6,91,45,30,30,196,136,1.0,0,23936,12240,6120,615536,42296,26656,True,reported_at_empirical_r_star
0.4723302243774757,25.32151693224849,True,138,0.0009917454202654774,0.9990082545797345,7.570797445222155e-05,0.9999242920255478,138,0.0009917454202654774,True,138,0.0009917454202654774,resolved,random two-local,random_baseline,random_4,6,1.0,0.001,0.3141592653589793,500,138,False,45,0,45,0,45,14,0.821962489621633,30.328325757624906,5.51389200524681,395,first_order_commutator_proxy,178070,proxy_not_certified_for_fidelity,356.13833330241386,"(t^2 / (2 r)) * sum_{a<b} ||[H_a, H_b]|| <= eps",False,placeholder_requires_theorem_specific_input,,missing_theorem_formula_or_constants,"Need the exact low-energy bound to implement, including constants, normalization/energy-shift conventions, and how its accuracy parameter maps onto the notebook's fidelity-error threshold.",False,basis_change_plus_parity_cnot_plus_synthesized_rz,0.007246376811594203,0,176,90,45,4510,311,True,True,196,6,91,45,30,30,196,138,1.0,0,24288,12420,6210,622380,42918,27048,True,reported_at_empirical_r_star
0.7418906885679222,25.203154891951012,True,140,0.0009939167729674514,0.9990060832270325,7.809433794070397e-05,0.9999219056620593,140,0.0009939167729674514,True,140,0.0009939167729674514,resolved,random two-local,random_baseline,random_4,6,1.0,0.001,0.47123889803846897,500,140,False,45,0,45,0,45,14,0.821962489621633,30.328325757624906,5.51389200524681,395,first_order_commutator_proxy,178070,proxy_not_certified_for_fidelity,356.13833330241386,"(t^2 / (2 r)) * sum_{a<b} ||[H_a, H_b]|| <= eps",False,placeholder_requires_theorem_specific_input,,missing_theorem_formula_or_constants,"Need the exact low-energy bound to implement, including constants, normalization/energy-shift conventions, and how its accuracy parameter maps onto the notebook's fidelity-error threshold.",False,basis_change_plus_parity_cnot_plus_synthesized_rz,0.007142857142857143,0,176,90,45,4548,311,True,True,196,6,91,45,30,30,196,140,1.0,0,24640,12600,6300,636720,43540,27440,True,reported_at_empirical_r_star
0.932890190396864,25.55234133277441,True,142,0.000999831787879324,0.9990001682121207,8.082156253186312e-05,0.9999191784374681,142,0.000999831787879324,True,142,0.000999831787879324,resolved,random two-local,random_baseline,random_4,6,1.0,0.001,0.6283185307179586,500,142,False,45,0,45,0,45,14,0.821962489621633,30.328325757624906,5.51389200524681,395,first_order_commutator_proxy,178070,proxy_not_certified_for_fidelity,356.13833330241386,"(t^2 / (2 r)) * sum_{a<b} ||[H_a, H_b]|| <= eps",False,placeholder_requires_theorem_specific_input,,missing_theorem_formula_or_constants,"Need the exact low-energy bound to implement, including constants, normalization/energy-shift conventions, and how its accuracy parameter maps onto the notebook's fidelity-error threshold.",False,basis_change_plus_parity_cnot_plus_synthesized_rz,0.007042253521126761,0,176,90,45,4530,311,True,True,196,6,91,45,30,30,196,142,1.0,0,24992,12780,6390,643260,44162,27832,True,reported_at_empirical_r_star
1.0266323678535043,26.294045168406857,True,145,0.0009898600115212375,0.9990101399884788,8.344840393570419e-05,0.9999165515960643,145,0.0009898600115212375,True,145,0.0009898600115212375,resolved,random two-local,random_baseline,random_4,6,1.0,0.001,0.7853981633974483,500,145,False,45,0,45,0,45,14,0.821962489621633,30.328325757624906,5.51389200524681,395,first_order_commutator_proxy,178070,proxy_not_certified_for_fidelity,356.13833330241386,"(t^2 / (2 r)) * sum_{a<b} ||[H_a, H_b]|| <= eps",False,placeholder_requires_theorem_specific_input,,missing_theorem_formula_or_constants,"Need the exact low-energy bound to implement, including constants, normalization/energy-shift conventions, and how its accuracy parameter maps onto the notebook's fidelity-error threshold.",False,basis_change_plus_parity_cnot_plus_synthesized_rz,0.006896551724137931,0,176,90,45,4532,311,True,True,196,6,91,45,30,30,196,145,1.0,0,25520,13050,6525,657140,45095,28420,True,reported_at_empirical_r_star
1.0139410834682314,27.285074742454636,True,147,0.0009892971777049064,0.9990107028222951,8.575345825367897e-05,0.9999142465417463,147,0.0009892971777049064,True,147,0.0009892971777049064,resolved,random two-local,random_baseline,random_4,6,1.0,0.001,0.9424777960769379,500,147,False,45,0,45,0,45,14,0.821962489621633,30.328325757624906,5.51389200524681,395,first_order_commutator_proxy,178070,proxy_not_certified_for_fidelity,356.13833330241386,"(t^2 / (2 r)) * sum_{a<b} ||[H_a, H_b]|| <= eps",False,placeholder_requires_theorem_specific_input,,missing_theorem_formula_or_constants,"Need the exact low-energy bound to implement, including constants, normalization/energy-shift conventions, and how its accuracy parameter maps onto the notebook's fidelity-error threshold.",False,basis_change_plus_parity_cnot_plus_synthesized_rz,0.006802721088435374,0,176,90,45,4546,311,True,True,196,6,91,45,30,30,196,147,1.0,0,25872,13230,6615,668262,45717,28812,True,reported_at_empirical_r_star
0.896058648582053,28.355056839802614,True,148,0.0009994353421290958,0.9990005646578709,8.785686508405721e-05,0.9999121431349159,148,0.0009994353421290958,True,148,0.0009994353421290958,resolved,random two-local,random_baseline,random_4,6,1.0,0.001,1.0995574287564276,500,148,False,45,0,45,0,45,14,0.821962489621633,30.328325757624906,5.51389200524681,395,first_order_commutator_proxy,178070,proxy_not_certified_for_fidelity,356.13833330241386,"(t^2 / (2 r)) * sum_{a<b} ||[H_a, H_b]|| <= eps",False,placeholder_requires_theorem_specific_input,,missing_theorem_formula_or_constants,"Need the exact low-energy bound to implement, including constants, normalization/energy-shift conventions, and how its accuracy parameter maps onto the notebook's fidelity-error threshold.",False,basis_change_plus_parity_cnot_plus_synthesized_rz,0.006756756756756757,0,176,90,45,4540,311,True,True,196,6,91,45,30,30,196,148,1.0,0,26048,13320,6660,671920,46028,29008,True,reported_at_empirical_r_star
0.6845242172568471,29.351136686568164,True,150,0.0009972080115722148,0.9990027919884278,9.007157373763786e-05,0.9999099284262624,150,0.0009972080115722148,True,150,0.0009972080115722148,resolved,random two-local,random_baseline,random_4,6,1.0,0.001,1.2566370614359172,500,150,False,45,0,45,0,45,14,0.821962489621633,30.328325757624906,5.51389200524681,395,first_order_commutator_proxy,178070,proxy_not_certified_for_fidelity,356.13833330241386,"(t^2 / (2 r)) * sum_{a<b} ||[H_a, H_b]|| <= eps",False,placeholder_requires_theorem_specific_input,,missing_theorem_formula_or_constants,"Need the exact low-energy bound to implement, including constants, normalization/energy-shift conventions, and how its accuracy parameter maps onto the notebook's fidelity-error threshold.",False,basis_change_plus_parity_cnot_plus_synthesized_rz,0.006666666666666667,0,176,90,45,4528,311,True,True,196,6,91,45,30,30,196,150,1.0,0,26400,13500,6750,679200,46650,29400,True,reported_at_empirical_r_star
0.40004425347777317,30.171319678912557,True,152,0.0009986268698860545,0.999001373130114,9.262467127624241e-05,0.9999073753287238,152,0.0009986268698860545,True,152,0.0009986268698860545,resolved,random two-local,random_baseline,random_4,6,1.0,0.001,1.413716694115407,500,152,False,45,0,45,0,45,14,0.821962489621633,30.328325757624906,5.51389200524681,395,first_order_commutator_proxy,178070,proxy_not_certified_for_fidelity,356.13833330241386,"(t^2 / (2 r)) * sum_{a<b} ||[H_a, H_b]|| <= eps",False,placeholder_requires_theorem_specific_input,,missing_theorem_formula_or_constants,"Need the exact low-energy bound to implement, including constants, normalization/energy-shift conventions, and how its accuracy parameter maps onto the notebook's fidelity-error threshold.",False,basis_change_plus_parity_cnot_plus_synthesized_rz,0.006578947368421052,0,176,90,45,4564,311,True,True,196,6,91,45,30,30,196,152,1.0,0,26752,13680,6840,693728,47272,29792,True,reported_at_empirical_r_star
0.07046563818798429,30.776170875553216,True,155,0.0009896793688733974,0.9990103206311266,9.543649726084791e-05,0.9999045635027392,155,0.0009896793688733974,True,155,0.0009896793688733974,resolved,random two-local,random_baseline,random_4,6,1.0,0.001,1.5707963267948966,500,155,False,45,0,45,0,45,14,0.821962489621633,30.328325757624906,5.51389200524681,395,first_order_commutator_proxy,178070,proxy_not_certified_for_fidelity,356.13833330241386,"(t^2 / (2 r)) * sum_{a<b} ||[H_a, H_b]|| <= eps",False,placeholder_requires_theorem_specific_input,,missing_theorem_formula_or_constants,"Need the exact low-energy bound to implement, including constants, normalization/energy-shift conventions, and how its accuracy parameter maps onto the notebook's fidelity-error threshold.",False,basis_change_plus_parity_cnot_plus_synthesized_rz,0.0064516129032258064,0,176,90,45,4528,311,True,True,196,6,91,45,30,30,196,155,1.0,0,27280,13950,6975,701840,48205,30380,True,reported_at_empirical_r_star
-0.2719501774387178,31.17707174432442,True,157,0.0009918281479736057,0.9990081718520264,9.810473510429851e-05,0.9999018952648957,157,0.0009918281479736057,True,157,0.0009918281479736057,resolved,random two-local,random_baseline,random_4,6,1.0,0.001,1.7278759594743862,500,157,False,45,0,45,0,45,14,0.821962489621633,30.328325757624906,5.51389200524681,395,first_order_commutator_proxy,178070,proxy_not_certified_for_fidelity,356.13833330241386,"(t^2 / (2 r)) * sum_{a<b} ||[H_a, H_b]|| <= eps",False,placeholder_requires_theorem_specific_input,,missing_theorem_formula_or_constants,"Need the exact low-energy bound to implement, including constants, normalization/energy-shift conventions, and how its accuracy parameter maps onto the notebook's fidelity-error threshold.",False,basis_change_plus_parity_cnot_plus_synthesized_rz,0.006369426751592357,0,176,90,45,4536,311,True,True,196,6,91,45,30,30,196,157,1.0,0,27632,14130,7065,712152,48827,30772,True,reported_at_empirical_r_star
-0.5936851476175173,31.40814365044844,True,158,0.000999710301429757,0.9990002896985702,0.00010012418138682921,0.9998998758186132,158,0.000999710301429757,True,158,0.000999710301429757,resolved,random two-local,random_baseline,random_4,6,1.0,0.001,1.8849555921538759,500,158,False,45,0,45,0,45,14,0.821962489621633,30.328325757624906,5.51389200524681,395,first_order_commutator_proxy,178070,proxy_not_certified_for_fidelity,356.13833330241386,"(t^2 / (2 r)) * sum_{a<b} ||[H_a, H_b]|| <= eps",False,placeholder_requires_theorem_specific_input,,missing_theorem_formula_or_constants,"Need the exact low-energy bound to implement, including constants, normalization/energy-shift conventions, and how its accuracy parameter maps onto the notebook's fidelity-error threshold.",False,basis_change_plus_parity_cnot_plus_synthesized_rz,0.006329113924050633,0,176,90,45,4528,311,True,True,196,6,91,45,30,30,196,158,1.0,0,27808,14220,7110,715424,49138,30968,True,reported_at_empirical_r_star
-0.8632456118079633,31.494885136971853,True,159,0.0009978126698362288,0.9990021873301638,0.0001011757610062114,0.9998988242389938,159,0.0009978126698362288,True,159,0.0009978126698362288,resolved,random two-local,random_baseline,random_4,6,1.0,0.001,2.0420352248333655,500,159,False,45,0,45,0,45,14,0.821962489621633,30.328325757624906,5.51389200524681,395,first_order_commutator_proxy,178070,proxy_not_certified_for_fidelity,356.13833330241386,"(t^2 / (2 r)) * sum_{a<b} ||[H_a, H_b]|| <= eps",False,placeholder_requires_theorem_specific_input,,missing_theorem_formula_or_constants,"Need the exact low-energy bound to implement, including constants, normalization/energy-shift conventions, and how its accuracy parameter maps onto the notebook's fidelity-error threshold.",False,basis_change_plus_parity_cnot_plus_synthesized_rz,0.006289308176100629,0,176,90,45,4548,311,True,True,196,6,91,45,30,30,196,159,1.0,0,27984,14310,7155,723132,49449,31164,True,reported_at_empirical_r_star
-1.0542451136369064,31.43329671117122,True,159,0.0009983088023846065,0.9990016911976154,0.00010119924295459715,0.9998988007570454,159,0.0009983088023846065,True,159,0.0009983088023846065,resolved,random two-local,random_baseline,random_4,6,1.0,0.001,2.199114857512855,500,159,False,45,0,45,0,45,14,0.821962489621633,30.328325757624906,5.51389200524681,395,first_order_commutator_proxy,178070,proxy_not_certified_for_fidelity,356.13833330241386,"(t^2 / (2 r)) * sum_{a<b} ||[H_a, H_b]|| <= eps",False,placeholder_requires_theorem_specific_input,,missing_theorem_formula_or_constants,"Need the exact low-energy bound to implement, including constants, normalization/energy-shift conventions, and how its accuracy parameter maps onto the notebook's fidelity-error threshold.",False,basis_change_plus_parity_cnot_plus_synthesized_rz,0.006289308176100629,0,176,90,45,4548,311,True,True,196,6,91,45,30,30,196,159,1.0,0,27984,14310,7155,723132,49449,31164,True,reported_at_empirical_r_star
-1.1479872910935458,31.188556792716607,True,159,0.000988093520014055,0.999011906479986,0.00010014217135079218,0.9998998578286492,159,0.000988093520014055,True,159,0.000988093520014055,resolved,random two-local,random_baseline,random_4,6,1.0,0.001,2.356194490192345,500,159,False,45,0,45,0,45,14,0.821962489621633,30.328325757624906,5.51389200524681,395,first_order_commutator_proxy,178070,proxy_not_certified_for_fidelity,356.13833330241386,"(t^2 / (2 r)) * sum_{a<b} ||[H_a, H_b]|| <= eps",False,placeholder_requires_theorem_specific_input,,missing_theorem_formula_or_constants,"Need the exact low-energy bound to implement, including constants, normalization/energy-shift conventions, and how its accuracy parameter maps onto the notebook's fidelity-error threshold.",False,basis_change_plus_parity_cnot_plus_synthesized_rz,0.006289308176100629,0,176,90,45,4548,311,True,True,196,6,91,45,30,30,196,159,1.0,0,27984,14310,7155,723132,49449,31164,True,reported_at_empirical_r_star
-1.1352960067082725,30.71403371282215,True,157,0.0009884788265716038,0.9990115211734284,9.767809652860837e-05,0.9999023219034714,157,0.0009884788265716038,True,157,0.0009884788265716038,resolved,random two-local,random_baseline,random_4,6,1.0,0.001,2.5132741228718345,500,157,False,45,0,45,0,45,14,0.821962489621633,30.328325757624906,5.51389200524681,395,first_order_commutator_proxy,178070,proxy_not_certified_for_fidelity,356.13833330241386,"(t^2 / (2 r)) * sum_{a<b} ||[H_a, H_b]|| <= eps",False,placeholder_requires_theorem_specific_input,,missing_theorem_formula_or_constants,"Need the exact low-energy bound to implement, including constants, normalization/energy-shift conventions, and how its accuracy parameter maps onto the notebook's fidelity-error threshold.",False,basis_change_plus_parity_cnot_plus_synthesized_rz,0.006369426751592357,0,176,90,45,4536,311,True,True,196,6,91,45,30,30,196,157,1.0,0,27632,14130,7065,712152,48827,30772,True,reported_at_empirical_r_star
-1.0174135718220938,29.982812761246393,True,153,0.0009941830668177554,0.9990058169331822,9.333608862194254e-05,0.9999066639113781,153,0.0009941830668177554,True,153,0.0009941830668177554,resolved,random two-local,random_baseline,random_4,6,1.0,0.001,2.670353755551324,500,153,False,45,0,45,0,45,14,0.821962489621633,30.328325757624906,5.51389200524681,395,first_order_commutator_proxy,178070,proxy_not_certified_for_fidelity,356.13833330241386,"(t^2 / (2 r)) * sum_{a<b} ||[H_a, H_b]|| <= eps",False,placeholder_requires_theorem_specific_input,,missing_theorem_formula_or_constants,"Need the exact low-energy bound to implement, including constants, normalization/energy-shift conventions, and how its accuracy parameter maps onto the notebook's fidelity-error threshold.",False,basis_change_plus_parity_cnot_plus_synthesized_rz,0.006535947712418301,0,176,90,45,4544,311,True,True,196,6,91,45,30,30,196,153,1.0,0,26928,13770,6885,695232,47583,29988,True,reported_at_empirical_r_star
-0.8058791404968888,29.018353468254915,True,148,0.0009901434951308241,0.9990098565048692,8.705651271168069e-05,0.9999129434872883,148,0.0009901434951308241,True,148,0.0009901434951308241,resolved,random two-local,random_baseline,random_4,6,1.0,0.001,2.827433388230814,500,148,False,45,0,45,0,45,14,0.821962489621633,30.328325757624906,5.51389200524681,395,first_order_commutator_proxy,178070,proxy_not_certified_for_fidelity,356.13833330241386,"(t^2 / (2 r)) * sum_{a<b} ||[H_a, H_b]|| <= eps",False,placeholder_requires_theorem_specific_input,,missing_theorem_formula_or_constants,"Need the exact low-energy bound to implement, including constants, normalization/energy-shift conventions, and how its accuracy parameter maps onto the notebook's fidelity-error threshold.",False,basis_change_plus_parity_cnot_plus_synthesized_rz,0.006756756756756757,0,176,90,45,4540,311,True,True,196,6,91,45,30,30,196,148,1.0,0,26048,13320,6660,671920,46028,29008,True,reported_at_empirical_r_star
-0.5213991767178149,27.91057246088776,True,141,0.0009962714517682825,0.9990037285482317,7.962240939407561e-05,0.9999203775906059,141,0.0009962714517682825,True,141,0.0009962714517682825,resolved,random two-local,random_baseline,random_4,6,1.0,0.001,2.9845130209103035,500,141,False,45,0,45,0,45,14,0.821962489621633,30.328325757624906,5.51389200524681,395,first_order_commutator_proxy,178070,proxy_not_certified_for_fidelity,356.13833330241386,"(t^2 / (2 r)) * sum_{a<b} ||[H_a, H_b]|| <= eps",False,placeholder_requires_theorem_specific_input,,missing_theorem_formula_or_constants,"Need the exact low-energy bound to implement, including constants, normalization/energy-shift conventions, and how its accuracy parameter maps onto the notebook's fidelity-error threshold.",False,basis_change_plus_parity_cnot_plus_synthesized_rz,0.0070921985815602835,0,176,90,45,4554,311,True,True,196,6,91,45,30,30,196,141,1.0,0,24816,12690,6345,642114,43851,27636,True,reported_at_empirical_r_star
-0.19182056142802567,26.808757347069253,True,135,0.0009872257236188675,0.9990127742763811,7.246289727369515e-05,0.9999275371027263,135,0.0009872257236188675,True,135,0.0009872257236188675,resolved,random two-local,random_baseline,random_4,6,1.0,0.001,3.141592653589793,500,135,False,45,0,45,0,45,14,0.821962489621633,30.328325757624906,5.51389200524681,395,first_order_commutator_proxy,178070,proxy_not_certified_for_fidelity,356.13833330241386,"(t^2 / (2 r)) * sum_{a<b} ||[H_a, H_b]|| <= eps",False,placeholder_requires_theorem_specific_input,,missing_theorem_formula_or_constants,"Need the exact low-energy bound to implement, including constants, normalization/energy-shift conventions, and how its accuracy parameter maps onto the notebook's fidelity-error threshold.",False,basis_change_plus_parity_cnot_plus_synthesized_rz,0.007407407407407408,0,176,90,45,4546,311,True,True,196,6,91,45,30,30,196,135,1.0,0,23760,12150,6075,613710,41985,26460,True,reported_at_empirical_r_star
-0.09306351426397019,29.37473253259584,True,130,0.0009877700074985007,0.9990122299925015,6.676346601297567e-05,0.999933236533987,130,0.0009877700074985007,True,130,0.0009877700074985007,resolved,random two-local,random_baseline,random_5,6,1.0,0.001,0.0,500,130,False,45,0,45,0,45,15,0.8219624896216331,29.740721156894036,5.51389200524681,376,first_order_commutator_proxy,152128,proxy_not_certified_for_fidelity,304.25562388239126,"(t^2 / (2 r)) * sum_{a<b} ||[H_a, H_b]|| <= eps",False,placeholder_requires_theorem_specific_input,,missing_theorem_formula_or_constants,"Need the exact low-energy bound to implement, including constants, normalization/energy-shift conventions, and how its accuracy parameter maps onto the notebook's fidelity-error threshold.",False,basis_change_plus_parity_cnot_plus_synthesized_rz,0.007692307692307693,0,166,90,45,4536,301,True,True,178,6,84,44,25,25,178,130,1.0,0,21580,11700,5850,589680,39130,23140,True,reported_at_empirical_r_star
0.3173063969943699,30.295006948850357,True,130,0.0009977900478509438,0.9990022099521491,6.73972226230557e-05,0.9999326027773769,130,0.0009977900478509438,True,130,0.0009977900478509438,resolved,random two-local,random_baseline,random_5,6,1.0,0.001,0.15707963267948966,500,130,False,45,0,45,0,45,15,0.8219624896216331,29.740721156894036,5.51389200524681,376,first_order_commutator_proxy,152128,proxy_not_certified_for_fidelity,304.25562388239126,"(t^2 / (2 r)) * sum_{a<b} ||[H_a, H_b]|| <= eps",False,placeholder_requires_theorem_specific_input,,missing_theorem_formula_or_constants,"Need the exact low-energy bound to implement, including constants, normalization/energy-shift conventions, and how its accuracy parameter maps onto the notebook's fidelity-error threshold.",False,basis_change_plus_parity_cnot_plus_synthesized_rz,0.007692307692307693,0,166,90,45,4536,301,True,True,178,6,84,44,25,25,178,130,1.0,0,21580,11700,5850,589680,39130,23140,True,reported_at_empirical_r_star
0.7926906040075873,30.177191229660863,True,131,0.0009934268478890562,0.9990065731521109,6.808163163651848e-05,0.9999319183683635,131,0.0009934268478890562,True,131,0.0009934268478890562,resolved,random two-local,random_baseline,random_5,6,1.0,0.001,0.3141592653589793,500,131,False,45,0,45,0,45,15,0.8219624896216331,29.740721156894036,5.51389200524681,376,first_order_commutator_proxy,152128,proxy_not_certified_for_fidelity,304.25562388239126,"(t^2 / (2 r)) * sum_{a<b} ||[H_a, H_b]|| <= eps",False,placeholder_requires_theorem_specific_input,,missing_theorem_formula_or_constants,"Need the exact low-energy bound to implement, including constants, normalization/energy-shift conventions, and how its accuracy parameter maps onto the notebook's fidelity-error threshold.",False,basis_change_plus_parity_cnot_plus_synthesized_rz,0.007633587786259542,0,166,90,45,4516,301,True,True,178,6,84,44,25,25,178,131,1.0,0,21746,11790,5895,591596,39431,23318,True,reported_at_empirical_r_star
1.2865551883966961,28.947020649526454,True,131,0.0009950419145973166,0.9990049580854027,6.813770369928918e-05,0.9999318622963007,131,0.0009950419145973166,True,131,0.0009950419145973166,resolved,random two-local,random_baseline,random_5,6,1.0,0.001,0.47123889803846897,500,131,False,45,0,45,0,45,15,0.8219624896216331,29.740721156894036,5.51389200524681,376,first_order_commutator_proxy,152128,proxy_not_certified_for_fidelity,304.25562388239126,"(t^2 / (2 r)) * sum_{a<b} ||[H_a, H_b]|| <= eps",False,placeholder_requires_theorem_specific_input,,missing_theorem_formula_or_constants,"Need the exact low-energy bound to implement, including constants, normalization/energy-shift conventions, and how its accuracy parameter maps onto the notebook's fidelity-error threshold.",False,basis_change_plus_parity_cnot_plus_synthesized_rz,0.007633587786259542,0,166,90,45,4516,301,True,True,178,6,84,44,25,25,178,131,1.0,0,21746,11790,5895,591596,39431,23318,True,reported_at_empirical_r_star
1.7505572436847987,26.869182920568555,True,130,0.0009976191427100156,0.99900238085729,6.723258657737041e-05,0.9999327674134226,130,0.0009976191427100156,True,130,0.0009976191427100156,resolved,random two-local,random_baseline,random_5,6,1.0,0.001,0.6283185307179586,500,130,False,45,0,45,0,45,15,0.8219624896216331,29.740721156894036,5.51389200524681,376,first_order_commutator_proxy,152128,proxy_not_certified_for_fidelity,304.25562388239126,"(t^2 / (2 r)) * sum_{a<b} ||[H_a, H_b]|| <= eps",False,placeholder_requires_theorem_specific_input,,missing_theorem_formula_or_constants,"Need the exact low-energy bound to implement, including constants, normalization/energy-shift conventions, and how its accuracy parameter maps onto the notebook's fidelity-error threshold.",False,basis_change_plus_parity_cnot_plus_synthesized_rz,0.007692307692307693,0,166,90,45,4536,301,True,True,178,6,84,44,25,25,178,130,1.0,0,21580,11700,5850,589680,39130,23140,True,reported_at_empirical_r_star
2.1392770158078793,24.46630246158814,True,129,0.000991248561329483,0.9990087514386705,6.57509929183897e-05,0.9999342490070816,129,0.000991248561329483,True,129,0.000991248561329483,resolved,random two-local,random_baseline,random_5,6,1.0,0.001,0.7853981633974483,500,129,False,45,0,45,0,45,15,0.8219624896216331,29.740721156894036,5.51389200524681,376,first_order_commutator_proxy,152128,proxy_not_certified_for_fidelity,304.25562388239126,"(t^2 / (2 r)) * sum_{a<b} ||[H_a, H_b]|| <= eps",False,placeholder_requires_theorem_specific_input,,missing_theorem_formula_or_constants,"Need the exact low-energy bound to implement, including constants, normalization/energy-shift conventions, and how its accuracy parameter maps onto the notebook's fidelity-error threshold.",False,basis_change_plus_parity_cnot_plus_synthesized_rz,0.007751937984496124,0,166,90,45,4528,301,True,True,178,6,84,44,25,25,178,129,1.0,0,21414,11610,5805,584112,38829,22962,True,reported_at_empirical_r_star
2.4146639051006207,22.345846816312033,True,128,0.0009882078030408747,0.9990117921969591,6.451730332712735e-05,0.9999354826966729,128,0.0009882078030408747,True,128,0.0009882078030408747,resolved,random two-local,random_baseline,random_5,6,1.0,0.001,0.9424777960769379,500,128,False,45,0,45,0,45,15,0.8219624896216331,29.740721156894036,5.51389200524681,376,first_order_commutator_proxy,152128,proxy_not_certified_for_fidelity,304.25562388239126,"(t^2 / (2 r)) * sum_{a<b} ||[H_a, H_b]|| <= eps",False,placeholder_requires_theorem_specific_input,,missing_theorem_formula_or_constants,"Need the exact low-energy bound to implement, including constants, normalization/energy-shift conventions, and how its accuracy parameter maps onto the notebook's fidelity-error threshold.",False,basis_change_plus_parity_cnot_plus_synthesized_rz,0.0078125,0,166,90,45,4540,301,True,True,178,6,84,44,25,25,178,128,1.0,0,21248,11520,5760,581120,38528,22784,True,reported_at_empirical_r_star
2.549761124105767,20.998474028789136,True,127,0.000997447989187994,0.999002552010812,6.40912882524658e-05,0.9999359087117475,127,0.000997447989187994,True,127,0.000997447989187994,resolved,random two-local,random_baseline,random_5,6,1.0,0.001,1.0995574287564276,500,127,False,45,0,45,0,45,15,0.8219624896216331,29.740721156894036,5.51389200524681,376,first_order_commutator_proxy,152128,proxy_not_certified_for_fidelity,304.25562388239126,"(t^2 / (2 r)) * sum_{a<b} ||[H_a, H_b]|| <= eps",False,placeholder_requires_theorem_specific_input,,missing_theorem_formula_or_constants,"Need the exact low-energy bound to implement, including constants, normalization/energy-shift conventions, and how its accuracy parameter maps onto the notebook's fidelity-error threshold.",False,basis_change_plus_parity_cnot_plus_synthesized_rz,0.007874015748031496,0,166,90,45,4548,301,True,True,178,6,84,44,25,25,178,127,1.0,0,21082,11430,5715,577596,38227,22606,True,reported_at_empirical_r_star
2.531344415749423,20.641871684125885,True,128,0.0009865724102866569,0.9990134275897133,6.438861804336504e-05,0.9999356113819566,128,0.0009865724102866569,True,128,0.0009865724102866569,resolved,random two-local,random_baseline,random_5,6,1.0,0.001,1.2566370614359172,500,128,False,45,0,45,0,45,15,0.8219624896216331,29.740721156894036,5.51389200524681,376,first_order_commutator_proxy,152128,proxy_not_certified_for_fidelity,304.25562388239126,"(t^2 / (2 r)) * sum_{a<b} ||[H_a, H_b]|| <= eps",False,placeholder_requires_theorem_specific_input,,missing_theorem_formula_or_constants,"Need the exact low-energy bound to implement, including constants, normalization/energy-shift conventions, and how its accuracy parameter maps onto the notebook's fidelity-error threshold.",False,basis_change_plus_parity_cnot_plus_synthesized_rz,0.0078125,0,166,90,45,4540,301,True,True,178,6,84,44,25,25,178,128,1.0,0,21248,11520,5760,581120,38528,22784,True,reported_at_empirical_r_star
2.3612165357622605,21.166676459777197,True,128,0.0009953413839688396,0.9990046586160312,6.496147644441397e-05,0.9999350385235556,128,0.0009953413839688396,True,128,0.0009953413839688396,resolved,random two-local,random_baseline,random_5,6,1.0,0.001,1.413716694115407,500,128,False,45,0,45,0,45,15,0.8219624896216331,29.740721156894036,5.51389200524681,376,first_order_commutator_proxy,152128,proxy_not_certified_for_fidelity,304.25562388239126,"(t^2 / (2 r)) * sum_{a<b} ||[H_a, H_b]|| <= eps",False,placeholder_requires_theorem_specific_input,,missing_theorem_formula_or_constants,"Need the exact low-energy bound to implement, including constants, normalization/energy-shift conventions, and how its accuracy parameter maps onto the notebook's fidelity-error threshold.",False,basis_change_plus_parity_cnot_plus_synthesized_rz,0.0078125,0,166,90,45,4540,301,True,True,178,6,84,44,25,25,178,128,1.0,0,21248,11520,5760,581120,38528,22784,True,reported_at_empirical_r_star
2.056030786388061,22.202285623028576,True,129,0.0009881789424429632,0.999011821057557,6.552173751317447e-05,0.9999344782624868,129,0.0009881789424429632,True,129,0.0009881789424429632,resolved,random two-local,random_baseline,random_5,6,1.0,0.001,1.5707963267948966,500,129,False,45,0,45,0,45,15,0.8219624896216331,29.740721156894036,5.51389200524681,376,first_order_commutator_proxy,152128,proxy_not_certified_for_fidelity,304.25562388239126,"(t^2 / (2 r)) * sum_{a<b} ||[H_a, H_b]|| <= eps",False,placeholder_requires_theorem_specific_input,,missing_theorem_formula_or_constants,"Need the exact low-energy bound to implement, including constants, normalization/energy-shift conventions, and how its accuracy parameter maps onto the notebook's fidelity-error threshold.",False,basis_change_plus_parity_cnot_plus_synthesized_rz,0.007751937984496124,0,166,90,45,4528,301,True,True,178,6,84,44,25,25,178,129,1.0,0,21414,11610,5805,584112,38829,22962,True,reported_at_empirical_r_star
1.6456608751297204,23.275069670918466,True,129,0.0009973079318945643,0.9990026920681054,6.61525893841386e-05,0.9999338474106159,129,0.0009973079318945643,True,129,0.0009973079318945643,resolved,random two-local,random_baseline,random_5,6,1.0,0.001,1.7278759594743862,500,129,False,45,0,45,0,45,15,0.8219624896216331,29.740721156894036,5.51389200524681,376,first_order_commutator_proxy,152128,proxy_not_certified_for_fidelity,304.25562388239126,"(t^2 / (2 r)) * sum_{a<b} ||[H_a, H_b]|| <= eps",False,placeholder_requires_theorem_specific_input,,missing_theorem_formula_or_constants,"Need the exact low-energy bound to implement, including constants, normalization/energy-shift conventions, and how its accuracy parameter maps onto the notebook's fidelity-error threshold.",False,basis_change_plus_parity_cnot_plus_synthesized_rz,0.007751937984496124,0,166,90,45,4528,301,True,True,178,6,84,44,25,25,178,129,1.0,0,21414,11610,5805,584112,38829,22962,True,reported_at_empirical_r_star
1.1702766681165033,23.996923954907317,True,130,0.0009952788189316886,0.9990047211810683,6.707890191492982e-05,0.9999329210980851,130,0.0009952788189316886,True,130,0.0009952788189316886,resolved,random two-local,random_baseline,random_5,6,1.0,0.001,1.8849555921538759,500,130,False,45,0,45,0,45,15,0.8219624896216331,29.740721156894036,5.51389200524681,376,first_order_commutator_proxy,152128,proxy_not_certified_for_fidelity,304.25562388239126,"(t^2 / (2 r)) * sum_{a<b} ||[H_a, H_b]|| <= eps",False,placeholder_requires_theorem_specific_input,,missing_theorem_formula_or_constants,"Need the exact low-energy bound to implement, including constants, normalization/energy-shift conventions, and how its accuracy parameter maps onto the notebook's fidelity-error threshold.",False,basis_change_plus_parity_cnot_plus_synthesized_rz,0.007692307692307693,0,166,90,45,4536,301,True,True,178,6,84,44,25,25,178,130,1.0,0,21580,11700,5850,589680,39130,23140,True,reported_at_empirical_r_star
0.6764120837273935,24.21139099925831,True,131,0.0009969490208650011,0.999003050979135,6.82583618717425e-05,0.9999317416381283,131,0.0009969490208650011,True,131,0.0009969490208650011,resolved,random two-local,random_baseline,random_5,6,1.0,0.001,2.0420352248333655,500,131,False,45,0,45,0,45,15,0.8219624896216331,29.740721156894036,5.51389200524681,376,first_order_commutator_proxy,152128,proxy_not_certified_for_fidelity,304.25562388239126,"(t^2 / (2 r)) * sum_{a<b} ||[H_a, H_b]|| <= eps",False,placeholder_requires_theorem_specific_input,,missing_theorem_formula_or_constants,"Need the exact low-energy bound to implement, including constants, normalization/energy-shift conventions, and how its accuracy parameter maps onto the notebook's fidelity-error threshold.",False,basis_change_plus_parity_cnot_plus_synthesized_rz,0.007633587786259542,0,166,90,45,4516,301,True,True,178,6,84,44,25,25,178,131,1.0,0,21746,11790,5895,591596,39431,23318,True,reported_at_empirical_r_star
0.2124100284392909,24.04174732002596,True,132,0.0009947699906142082,0.9990052300093858,6.91698807807617e-05,0.9999308301192192,132,0.0009947699906142082,True,132,0.0009947699906142082,resolved,random two-local,random_baseline,random_5,6,1.0,0.001,2.199114857512855,500,132,False,45,0,45,0,45,15,0.8219624896216331,29.740721156894036,5.51389200524681,376,first_order_commutator_proxy,152128,proxy_not_certified_for_fidelity,304.25562388239126,"(t^2 / (2 r)) * sum_{a<b} ||[H_a, H_b]|| <= eps",False,placeholder_requires_theorem_specific_input,,missing_theorem_formula_or_constants,"Need the exact low-energy bound to implement, including constants, normalization/energy-shift conventions, and how its accuracy parameter maps onto the notebook's fidelity-error threshold.",False,basis_change_plus_parity_cnot_plus_synthesized_rz,0.007575757575757576,0,166,90,45,4526,301,True,True,178,6,84,44,25,25,178,132,1.0,0,21912,11880,5940,597432,39732,23496,True,reported_at_empirical_r_star
-0.17630974368378838,23.82383000725439,True,132,0.0009927191252020462,0.999007280874798,6.902810942310822e-05,0.9999309718905769,132,0.0009927191252020462,True,132,0.0009927191252020462,resolved,random two-local,random_baseline,random_5,6,1.0,0.001,2.356194490192345,500,132,False,45,0,45,0,45,15,0.8219624896216331,29.740721156894036,5.51389200524681,376,first_order_commutator_proxy,152128,proxy_not_certified_for_fidelity,304.25562388239126,"(t^2 / (2 r)) * sum_{a<b} ||[H_a, H_b]|| <= eps",False,placeholder_requires_theorem_specific_input,,missing_theorem_formula_or_constants,"Need the exact low-energy bound to implement, including constants, normalization/energy-shift conventions, and how its accuracy parameter maps onto the notebook's fidelity-error threshold.",False,basis_change_plus_parity_cnot_plus_synthesized_rz,0.007575757575757576,0,166,90,45,4526,301,True,True,178,6,84,44,25,25,178,132,1.0,0,21912,11880,5940,597432,39732,23496,True,reported_at_empirical_r_star
-0.4516966329765293,23.95122718838611,True,130,0.000998252712337333,0.9990017472876627,6.731286594141572e-05,0.9999326871340586,130,0.000998252712337333,True,130,0.000998252712337333,resolved,random two-local,random_baseline,random_5,6,1.0,0.001,2.5132741228718345,500,130,False,45,0,45,0,45,15,0.8219624896216331,29.740721156894036,5.51389200524681,376,first_order_commutator_proxy,152128,proxy_not_certified_for_fidelity,304.25562388239126,"(t^2 / (2 r)) * sum_{a<b} ||[H_a, H_b]|| <= eps",False,placeholder_requires_theorem_specific_input,,missing_theorem_formula_or_constants,"Need the exact low-energy bound to implement, including constants, normalization/energy-shift conventions, and how its accuracy parameter maps onto the notebook's fidelity-error threshold.",False,basis_change_plus_parity_cnot_plus_synthesized_rz,0.007692307692307693,0,166,90,45,4536,301,True,True,178,6,84,44,25,25,178,130,1.0,0,21580,11700,5850,589680,39130,23140,True,reported_at_empirical_r_star
-0.5867938519816763,24.694561411109685,True,127,0.0009981358039704569,0.9990018641960295,6.42179205359028e-05,0.9999357820794641,127,0.0009981358039704569,True,127,0.0009981358039704569,resolved,random two-local,random_baseline,random_5,6,1.0,0.001,2.670353755551324,500,127,False,45,0,45,0,45,15,0.8219624896216331,29.740721156894036,5.51389200524681,376,first_order_commutator_proxy,152128,proxy_not_certified_for_fidelity,304.25562388239126,"(t^2 / (2 r)) * sum_{a<b} ||[H_a, H_b]|| <= eps",False,placeholder_requires_theorem_specific_input,,missing_theorem_formula_or_constants,"Need the exact low-energy bound to implement, including constants, normalization/energy-shift conventions, and how its accuracy parameter maps onto the notebook's fidelity-error threshold.",False,basis_change_plus_parity_cnot_plus_synthesized_rz,0.007874015748031496,0,166,90,45,4548,301,True,True,178,6,84,44,25,25,178,127,1.0,0,21082,11430,5715,577596,38227,22606,True,reported_at_empirical_r_star
-0.568377143625333,26.066867291556328,True,124,0.0009890714236434617,0.9990109285763565,6.0652998633892174e-05,0.9999393470013661,124,0.0009890714236434617,True,124,0.0009890714236434617,resolved,random two-local,random_baseline,random_5,6,1.0,0.001,2.827433388230814,500,124,False,45,0,45,0,45,15,0.8219624896216331,29.740721156894036,5.51389200524681,376,first_order_commutator_proxy,152128,proxy_not_certified_for_fidelity,304.25562388239126,"(t^2 / (2 r)) * sum_{a<b} ||[H_a, H_b]|| <= eps",False,placeholder_requires_theorem_specific_input,,missing_theorem_formula_or_constants,"Need the exact low-energy bound to implement, including constants, normalization/energy-shift conventions, and how its accuracy parameter maps onto the notebook's fidelity-error threshold.",False,basis_change_plus_parity_cnot_plus_synthesized_rz,0.008064516129032258,0,166,90,45,4538,301,True,True,178,6,84,44,25,25,178,124,1.0,0,20584,11160,5580,562712,37324,22072,True,reported_at_empirical_r_star
-0.39824926363816954,27.78954392409526,True,121,0.000988917398757061,0.9990110826012429,5.774260695312616e-05,0.9999422573930469,121,0.000988917398757061,True,121,0.000988917398757061,resolved,random two-local,random_baseline,random_5,6,1.0,0.001,2.9845130209103035,500,121,False,45,0,45,0,45,15,0.8219624896216331,29.740721156894036,5.51389200524681,376,first_order_commutator_proxy,152128,proxy_not_certified_for_fidelity,304.25562388239126,"(t^2 / (2 r)) * sum_{a<b} ||[H_a, H_b]|| <= eps",False,placeholder_requires_theorem_specific_input,,missing_theorem_formula_or_constants,"Need the exact low-energy bound to implement, including constants, normalization/energy-shift conventions, and how its accuracy parameter maps onto the notebook's fidelity-error threshold.",False,basis_change_plus_parity_cnot_plus_synthesized_rz,0.008264462809917356,0,166,90,45,4552,301,True,True,178,6,84,44,25,25,178,121,1.0,0,20086,10890,5445,550792,36421,21538,True,reported_at_empirical_r_star
-0.09306351426397047,29.37473253259584,True,119,0.0009938012550648745,0.9990061987449351,5.612982279556977e-05,0.9999438701772044,119,0.0009938012550648745,True,119,0.0009938012550648745,resolved,random two-local,random_baseline,random_5,6,1.0,0.001,3.141592653589793,500,119,False,45,0,45,0,45,15,0.8219624896216331,29.740721156894036,5.51389200524681,376,first_order_commutator_proxy,152128,proxy_not_certified_for_fidelity,304.25562388239126,"(t^2 / (2 r)) * sum_{a<b} ||[H_a, H_b]|| <= eps",False,placeholder_requires_theorem_specific_input,,missing_theorem_formula_or_constants,"Need the exact low-energy bound to implement, including constants, normalization/energy-shift conventions, and how its accuracy parameter maps onto the notebook's fidelity-error threshold.",False,basis_change_plus_parity_cnot_plus_synthesized_rz,0.008403361344537815,0,166,90,45,4536,301,True,True,178,6,84,44,25,25,178,119,1.0,0,19754,10710,5355,539784,35819,21182,True,reported_at_empirical_r_star
-1.5350291091205706,31.218096935748623,True,134,0.0009924841321379274,0.9990075158678621,7.179656309341809e-05,0.9999282034369066,134,0.0009924841321379274,True,134,0.0009924841321379274,resolved,random two-local,random_baseline,random_6,6,1.0,0.001,0.0,500,134,False,45,0,45,0,45,15,0.8219624896216332,29.37269184563125,5.513892005246811,397,first_order_commutator_proxy,165986,proxy_not_certified_for_fidelity,331.9701415977309,"(t^2 / (2 r)) * sum_{a<b} ||[H_a, H_b]|| <= eps",False,placeholder_requires_theorem_specific_input,,missing_theorem_formula_or_constants,"Need the exact low-energy bound to implement, including constants, normalization/energy-shift conventions, and how its accuracy parameter maps onto the notebook's fidelity-error threshold.",False,basis_change_plus_parity_cnot_plus_synthesized_rz,0.007462686567164179,0,188,90,45,4516,323,True,True,211,6,99,44,34,34,211,134,1.0,0,25192,12060,6030,605144,43282,28274,True,reported_at_empirical_r_star
-2.3213073791740566,30.76420118741679,True,126,0.0009947140590117476,0.9990052859409883,6.361345849648092e-05,0.9999363865415035,126,0.0009947140590117476,True,126,0.0009947140590117476,resolved,random two-local,random_baseline,random_6,6,1.0,0.001,0.15707963267948966,500,126,False,45,0,45,0,45,15,0.8219624896216332,29.37269184563125,5.513892005246811,397,first_order_commutator_proxy,165986,proxy_not_certified_for_fidelity,331.9701415977309,"(t^2 / (2 r)) * sum_{a<b} ||[H_a, H_b]|| <= eps",False,placeholder_requires_theorem_specific_input,,missing_theorem_formula_or_constants,"Need the exact low-energy bound to implement, including constants, normalization/energy-shift conventions, and how its accuracy parameter maps onto the notebook's fidelity-error threshold.",False,basis_change_plus_parity_cnot_plus_synthesized_rz,0.007936507936507936,0,188,90,45,4534,323,True,True,211,6,99,44,34,34,211,126,1.0,0,23688,11340,5670,571284,40698,26586,True,reported_at_empirical_r_star
-3.0723084430035263,29.491100987642586,True,119,0.0009857561137172066,0.9990142438862828,5.61705431346704e-05,0.9999438294568653,119,0.0009857561137172066,True,119,0.0009857561137172066,resolved,random two-local,random_baseline,random_6,6,1.0,0.001,0.3141592653589793,500,119,False,45,0,45,0,45,15,0.8219624896216332,29.37269184563125,5.513892005246811,397,first_order_commutator_proxy,165986,proxy_not_certified_for_fidelity,331.9701415977309,"(t^2 / (2 r)) * sum_{a<b} ||[H_a, H_b]|| <= eps",False,placeholder_requires_theorem_specific_input,,missing_theorem_formula_or_constants,"Need the exact low-energy bound to implement, including constants, normalization/energy-shift conventions, and how its accuracy parameter maps onto the notebook's fidelity-error threshold.",False,basis_change_plus_parity_cnot_plus_synthesized_rz,0.008403361344537815,0,188,90,45,4512,323,True,True,211,6,99,44,34,34,211,119,1.0,0,22372,10710,5355,536928,38437,25109,True,reported_at_empirical_r_star
-3.7145190839492526,27.804865398993616,True,113,0.00098972258168184,0.9990102774183182,5.0754071506564635e-05,0.9999492459284934,113,0.00098972258168184,True,113,0.00098972258168184,resolved,random two-local,random_baseline,random_6,6,1.0,0.001,0.47123889803846897,500,113,False,45,0,45,0,45,15,0.8219624896216332,29.37269184563125,5.513892005246811,397,first_order_commutator_proxy,165986,proxy_not_certified_for_fidelity,331.9701415977309,"(t^2 / (2 r)) * sum_{a<b} ||[H_a, H_b]|| <= eps",False,placeholder_requires_theorem_specific_input,,missing_theorem_formula_or_constants,"Need the exact low-energy bound to implement, including constants, normalization/energy-shift conventions, and how its accuracy parameter maps onto the notebook's fidelity-error threshold.",False,basis_change_plus_parity_cnot_plus_synthesized_rz,0.008849557522123894,0,188,90,45,4528,323,True,True,211,6,99,44,34,34,211,113,1.0,0,21244,10170,5085,511664,36499,23843,True,reported_at_empirical_r_star
-4.185075249930829,26.293131969612496,True,110,0.0009928387891292578,0.9990071612108707,4.812050844105187e-05,0.999951879491559,110,0.0009928387891292578,True,110,0.0009928387891292578,resolved,random two-local,random_baseline,random_6,6,1.0,0.001,0.6283185307179586,500,110,False,45,0,45,0,45,15,0.8219624896216332,29.37269184563125,5.513892005246811,397,first_order_commutator_proxy,165986,proxy_not_certified_for_fidelity,331.9701415977309,"(t^2 / (2 r)) * sum_{a<b} ||[H_a, H_b]|| <= eps",False,placeholder_requires_theorem_specific_input,,missing_theorem_formula_or_constants,"Need the exact low-energy bound to implement, including constants, normalization/energy-shift conventions, and how its accuracy parameter maps onto the notebook's fidelity-error threshold.",False,basis_change_plus_parity_cnot_plus_synthesized_rz,0.00909090909090909,0,188,90,45,4548,323,True,True,211,6,99,44,34,34,211,110,1.0,0,20680,9900,4950,500280,35530,23210,True,reported_at_empirical_r_star
-4.437915624864392,25.50617460162701,True,110,0.000996485513369394,0.9990035144866306,4.816754014658198e-05,0.9999518324598534,110,0.000996485513369394,True,110,0.000996485513369394,resolved,random two-local,random_baseline,random_6,6,1.0,0.001,0.7853981633974483,500,110,False,45,0,45,0,45,15,0.8219624896216332,29.37269184563125,5.513892005246811,397,first_order_commutator_proxy,165986,proxy_not_certified_for_fidelity,331.9701415977309,"(t^2 / (2 r)) * sum_{a<b} ||[H_a, H_b]|| <= eps",False,placeholder_requires_theorem_specific_input,,missing_theorem_formula_or_constants,"Need the exact low-energy bound to implement, including constants, normalization/energy-shift conventions, and how its accuracy parameter maps onto the notebook's fidelity-error threshold.",False,basis_change_plus_parity_cnot_plus_synthesized_rz,0.00909090909090909,0,188,90,45,4548,323,True,True,211,6,99,44,34,34,211,110,1.0,0,20680,9900,4950,500280,35530,23210,True,reported_at_empirical_r_star
-4.448290431208956,25.74937592887107,True,112,0.0009997367900271836,0.9990002632099728,4.999100071967355e-05,0.9999500089992803,112,0.0009997367900271836,True,112,0.0009997367900271836,resolved,random two-local,random_baseline,random_6,6,1.0,0.001,0.9424777960769379,500,112,False,45,0,45,0,45,15,0.8219624896216332,29.37269184563125,5.513892005246811,397,first_order_commutator_proxy,165986,proxy_not_certified_for_fidelity,331.9701415977309,"(t^2 / (2 r)) * sum_{a<b} ||[H_a, H_b]|| <= eps",False,placeholder_requires_theorem_specific_input,,missing_theorem_formula_or_constants,"Need the exact low-energy bound to implement, including constants, normalization/energy-shift conventions, and how its accuracy parameter maps onto the notebook's fidelity-error threshold.",False,basis_change_plus_parity_cnot_plus_synthesized_rz,0.008928571428571428,0,188,90,45,4538,323,True,True,211,6,99,44,34,34,211,112,1.0,0,21056,10080,5040,508256,36176,23632,True,reported_at_empirical_r_star
-4.215184110633989,26.96611248858631,True,115,0.0009923629288182134,0.9990076370711818,5.2256303345599164e-05,0.9999477436966544,115,0.0009923629288182134,True,115,0.0009923629288182134,resolved,random two-local,random_baseline,random_6,6,1.0,0.001,1.0995574287564276,500,115,False,45,0,45,0,45,15,0.8219624896216332,29.37269184563125,5.513892005246811,397,first_order_commutator_proxy,165986,proxy_not_certified_for_fidelity,331.9701415977309,"(t^2 / (2 r)) * sum_{a<b} ||[H_a, H_b]|| <= eps",False,placeholder_requires_theorem_specific_input,,missing_theorem_formula_or_constants,"Need the exact low-energy bound to implement, including constants, normalization/energy-shift conventions, and how its accuracy parameter maps onto the notebook's fidelity-error threshold.",False,basis_change_plus_parity_cnot_plus_synthesized_rz,0.008695652173913044,0,188,90,45,4558,323,True,True,211,6,99,44,34,34,211,115,1.0,0,21620,10350,5175,524170,37145,24265,True,reported_at_empirical_r_star
-3.7614147339446116,28.75583248400268,True,117,0.0009867340620596243,0.9990132659379404,5.3777572171842536e-05,0.9999462224278282,117,0.0009867340620596243,True,117,0.0009867340620596243,resolved,random two-local,random_baseline,random_6,6,1.0,0.001,1.2566370614359172,500,117,False,45,0,45,0,45,15,0.8219624896216332,29.37269184563125,5.513892005246811,397,first_order_commutator_proxy,165986,proxy_not_certified_for_fidelity,331.9701415977309,"(t^2 / (2 r)) * sum_{a<b} ||[H_a, H_b]|| <= eps",False,placeholder_requires_theorem_specific_input,,missing_theorem_formula_or_constants,"Need the exact low-energy bound to implement, including constants, normalization/energy-shift conventions, and how its accuracy parameter maps onto the notebook's fidelity-error threshold.",False,basis_change_plus_parity_cnot_plus_synthesized_rz,0.008547008547008548,0,188,90,45,4550,323,True,True,211,6,99,44,34,34,211,117,1.0,0,21996,10530,5265,532350,37791,24687,True,reported_at_empirical_r_star
-3.131400409328331,30.520768592224947,True,117,0.0009906575683809038,0.9990093424316191,5.4031909568985625e-05,0.999945968090431,117,0.0009906575683809038,True,117,0.0009906575683809038,resolved,random two-local,random_baseline,random_6,6,1.0,0.001,1.413716694115407,500,117,False,45,0,45,0,45,15,0.8219624896216332,29.37269184563125,5.513892005246811,397,first_order_commutator_proxy,165986,proxy_not_certified_for_fidelity,331.9701415977309,"(t^2 / (2 r)) * sum_{a<b} ||[H_a, H_b]|| <= eps",False,placeholder_requires_theorem_specific_input,,missing_theorem_formula_or_constants,"Need the exact low-energy bound to implement, including constants, normalization/energy-shift conventions, and how its accuracy parameter maps onto the notebook's fidelity-error threshold.",False,basis_change_plus_parity_cnot_plus_synthesized_rz,0.008547008547008548,0,188,90,45,4550,323,True,True,211,6,99,44,34,34,211,117,1.0,0,21996,10530,5265,532350,37791,24687,True,reported_at_empirical_r_star
-2.3868113284465013,31.68586166875351,True,116,0.0009927009795352992,0.9990072990204647,5.3290476324852065e-05,0.9999467095236751,116,0.0009927009795352992,True,116,0.0009927009795352992,resolved,random two-local,random_baseline,random_6,6,1.0,0.001,1.5707963267948966,500,116,False,45,0,45,0,45,15,0.8219624896216332,29.37269184563125,5.513892005246811,397,first_order_commutator_proxy,165986,proxy_not_certified_for_fidelity,331.9701415977309,"(t^2 / (2 r)) * sum_{a<b} ||[H_a, H_b]|| <= eps",False,placeholder_requires_theorem_specific_input,,missing_theorem_formula_or_constants,"Need the exact low-energy bound to implement, including constants, normalization/energy-shift conventions, and how its accuracy parameter maps onto the notebook's fidelity-error threshold.",False,basis_change_plus_parity_cnot_plus_synthesized_rz,0.008620689655172414,0,188,90,45,4526,323,True,True,211,6,99,44,34,34,211,116,1.0,0,21808,10440,5220,525016,37468,24476,True,reported_at_empirical_r_star
-1.600533058393014,31.908714521975913,True,115,0.0009909362276374623,0.9990090637723625,5.2352531112020984e-05,0.999947647468888,115,0.0009909362276374623,True,115,0.0009909362276374623,resolved,random two-local,random_baseline,random_6,6,1.0,0.001,1.7278759594743862,500,115,False,45,0,45,0,45,15,0.8219624896216332,29.37269184563125,5.513892005246811,397,first_order_commutator_proxy,165986,proxy_not_certified_for_fidelity,331.9701415977309,"(t^2 / (2 r)) * sum_{a<b} ||[H_a, H_b]|| <= eps",False,placeholder_requires_theorem_specific_input,,missing_theorem_formula_or_constants,"Need the exact low-energy bound to implement, including constants, normalization/energy-shift conventions, and how its accuracy parameter maps onto the notebook's fidelity-error threshold.",False,basis_change_plus_parity_cnot_plus_synthesized_rz,0.008695652173913044,0,188,90,45,4558,323,True,True,211,6,99,44,34,34,211,115,1.0,0,21620,10350,5175,524170,37145,24265,True,reported_at_empirical_r_star
-0.8495319945635462,31.200329984276028,True,115,0.000985940480220382,0.9990140595197796,5.213467701847829e-05,0.9999478653229815,115,0.000985940480220382,True,115,0.000985940480220382,resolved,random two-local,random_baseline,random_6,6,1.0,0.001,1.8849555921538759,500,115,False,45,0,45,0,45,15,0.8219624896216332,29.37269184563125,5.513892005246811,397,first_order_commutator_proxy,165986,proxy_not_certified_for_fidelity,331.9701415977309,"(t^2 / (2 r)) * sum_{a<b} ||[H_a, H_b]|| <= eps",False,placeholder_requires_theorem_specific_input,,missing_theorem_formula_or_constants,"Need the exact low-energy bound to implement, including constants, normalization/energy-shift conventions, and how its accuracy parameter maps onto the notebook's fidelity-error threshold.",False,basis_change_plus_parity_cnot_plus_synthesized_rz,0.008695652173913044,0,188,90,45,4558,323,True,True,211,6,99,44,34,34,211,115,1.0,0,21620,10350,5175,524170,37145,24265,True,reported_at_empirical_r_star
-0.20732135361781734,29.91149881461221,True,116,0.0009907277029315154,0.9990092722970685,5.331338830161236e-05,0.9999466866116984,116,0.0009907277029315154,True,116,0.0009907277029315154,resolved,random two-local,random_baseline,random_6,6,1.0,0.001,2.0420352248333655,500,116,False,45,0,45,0,45,15,0.8219624896216332,29.37269184563125,5.513892005246811,397,first_order_commutator_proxy,165986,proxy_not_certified_for_fidelity,331.9701415977309,"(t^2 / (2 r)) * sum_{a<b} ||[H_a, H_b]|| <= eps",False,placeholder_requires_theorem_specific_input,,missing_theorem_formula_or_constants,"Need the exact low-energy bound to implement, including constants, normalization/energy-shift conventions, and how its accuracy parameter maps onto the notebook's fidelity-error threshold.",False,basis_change_plus_parity_cnot_plus_synthesized_rz,0.008620689655172414,0,188,90,45,4526,323,True,True,211,6,99,44,34,34,211,116,1.0,0,21808,10440,5220,525016,37468,24476,True,reported_at_empirical_r_star
0.26323481236376145,28.590957847717405,True,119,0.0009905753686763052,0.9990094246313237,5.607853396172313e-05,0.9999439214660383,119,0.0009905753686763052,True,119,0.0009905753686763052,resolved,random two-local,random_baseline,random_6,6,1.0,0.001,2.199114857512855,500,119,False,45,0,45,0,45,15,0.8219624896216332,29.37269184563125,5.513892005246811,397,first_order_commutator_proxy,165986,proxy_not_certified_for_fidelity,331.9701415977309,"(t^2 / (2 r)) * sum_{a<b} ||[H_a, H_b]|| <= eps",False,placeholder_requires_theorem_specific_input,,missing_theorem_formula_or_constants,"Need the exact low-energy bound to implement, including constants, normalization/energy-shift conventions, and how its accuracy parameter maps onto the notebook's fidelity-error threshold.",False,basis_change_plus_parity_cnot_plus_synthesized_rz,0.008403361344537815,0,188,90,45,4512,323,True,True,211,6,99,44,34,34,211,119,1.0,0,22372,10710,5355,536928,38437,25109,True,reported_at_empirical_r_star
0.5160751872973195,27.77026573537504,True,123,0.0009934893496018615,0.9990065106503981,6.005132576891725e-05,0.9999399486742311,123,0.0009934893496018615,True,123,0.0009934893496018615,resolved,random two-local,random_baseline,random_6,6,1.0,0.001,2.356194490192345,500,123,False,45,0,45,0,45,15,0.8219624896216332,29.37269184563125,5.513892005246811,397,first_order_commutator_proxy,165986,proxy_not_certified_for_fidelity,331.9701415977309,"(t^2 / (2 r)) * sum_{a<b} ||[H_a, H_b]|| <= eps",False,placeholder_requires_theorem_specific_input,,missing_theorem_formula_or_constants,"Need the exact low-energy bound to implement, including constants, normalization/energy-shift conventions, and how its accuracy parameter maps onto the notebook's fidelity-error threshold.",False,basis_change_plus_parity_cnot_plus_synthesized_rz,0.008130081300813009,0,188,90,45,4504,323,True,True,211,6,99,44,34,34,211,123,1.0,0,23124,11070,5535,553992,39729,25953,True,reported_at_empirical_r_star
0.526449993641882,27.758107303240436,True,128,0.0009850199129057824,0.9990149800870942,6.443341128747893e-05,0.9999355665887125,128,0.0009850199129057824,True,128,0.0009850199129057824,resolved,random two-local,random_baseline,random_6,6,1.0,0.001,2.5132741228718345,500,128,False,45,0,45,0,45,15,0.8219624896216332,29.37269184563125,5.513892005246811,397,first_order_commutator_proxy,165986,proxy_not_certified_for_fidelity,331.9701415977309,"(t^2 / (2 r)) * sum_{a<b} ||[H_a, H_b]|| <= eps",False,placeholder_requires_theorem_specific_input,,missing_theorem_formula_or_constants,"Need the exact low-energy bound to implement, including constants, normalization/energy-shift conventions, and how its accuracy parameter maps onto the notebook's fidelity-error threshold.",False,basis_change_plus_parity_cnot_plus_synthesized_rz,0.0078125,0,188,90,45,4568,323,True,True,211,6,99,44,34,34,211,128,1.0,0,24064,11520,5760,584704,41344,27008,True,reported_at_empirical_r_star
0.29334367306691755,28.522855480999283,True,131,0.0009979123653974797,0.9990020876346025,6.83196519820628e-05,0.9999316803480179,131,0.0009979123653974797,True,131,0.0009979123653974797,resolved,random two-local,random_baseline,random_6,6,1.0,0.001,2.670353755551324,500,131,False,45,0,45,0,45,15,0.8219624896216332,29.37269184563125,5.513892005246811,397,first_order_commutator_proxy,165986,proxy_not_certified_for_fidelity,331.9701415977309,"(t^2 / (2 r)) * sum_{a<b} ||[H_a, H_b]|| <= eps",False,placeholder_requires_theorem_specific_input,,missing_theorem_formula_or_constants,"Need the exact low-energy bound to implement, including constants, normalization/energy-shift conventions, and how its accuracy parameter maps onto the notebook's fidelity-error threshold.",False,basis_change_plus_parity_cnot_plus_synthesized_rz,0.007633587786259542,0,188,90,45,4522,323,True,True,211,6,99,44,34,34,211,131,1.0,0,24628,11790,5895,592382,42313,27641,True,reported_at_empirical_r_star
-0.16042570362245995,29.70820224389571,True,134,0.0009914864258125933,0.9990085135741874,7.097011583367951e-05,0.9999290298841663,134,0.0009914864258125933,True,134,0.0009914864258125933,resolved,random two-local,random_baseline,random_6,6,1.0,0.001,2.827433388230814,500,134,False,45,0,45,0,45,15,0.8219624896216332,29.37269184563125,5.513892005246811,397,first_order_commutator_proxy,165986,proxy_not_certified_for_fidelity,331.9701415977309,"(t^2 / (2 r)) * sum_{a<b} ||[H_a, H_b]|| <= eps",False,placeholder_requires_theorem_specific_input,,missing_theorem_formula_or_constants,"Need the exact low-energy bound to implement, including constants, normalization/energy-shift conventions, and how its accuracy parameter maps onto the notebook's fidelity-error threshold.",False,basis_change_plus_parity_cnot_plus_synthesized_rz,0.007462686567164179,0,188,90,45,4516,323,True,True,211,6,99,44,34,34,211,134,1.0,0,25192,12060,6030,605144,43282,28274,True,reported_at_empirical_r_star
-0.7904400282387405,30.775540531949368,True,135,0.0009909758140559388,0.9990090241859441,7.194409221944476e-05,0.9999280559077806,135,0.0009909758140559388,True,135,0.0009909758140559388,resolved,random two-local,random_baseline,random_6,6,1.0,0.001,2.9845130209103035,500,135,False,45,0,45,0,45,15,0.8219624896216332,29.37269184563125,5.513892005246811,397,first_order_commutator_proxy,165986,proxy_not_certified_for_fidelity,331.9701415977309,"(t^2 / (2 r)) * sum_{a<b} ||[H_a, H_b]|| <= eps",False,placeholder_requires_theorem_specific_input,,missing_theorem_formula_or_constants,"Need the exact low-energy bound to implement, including constants, normalization/energy-shift conventions, and how its accuracy parameter maps onto the notebook's fidelity-error threshold.",False,basis_change_plus_parity_cnot_plus_synthesized_rz,0.007407407407407408,0,188,90,45,4564,323,True,True,211,6,99,44,34,34,211,135,1.0,0,25380,12150,6075,616140,43605,28485,True,reported_at_empirical_r_star
-1.53502910912057,31.218096935748626,True,134,0.000995869636346347,0.9990041303636537,7.119232907293327e-05,0.9999288076709271,134,0.000995869636346347,True,134,0.000995869636346347,resolved,random two-local,random_baseline,random_6,6,1.0,0.001,3.141592653589793,500,134,False,45,0,45,0,45,15,0.8219624896216332,29.37269184563125,5.513892005246811,397,first_order_commutator_proxy,165986,proxy_not_certified_for_fidelity,331.9701415977309,"(t^2 / (2 r)) * sum_{a<b} ||[H_a, H_b]|| <= eps",False,placeholder_requires_theorem_specific_input,,missing_theorem_formula_or_constants,"Need the exact low-energy bound to implement, including constants, normalization/energy-shift conventions, and how its accuracy parameter maps onto the notebook's fidelity-error threshold.",False,basis_change_plus_parity_cnot_plus_synthesized_rz,0.007462686567164179,0,188,90,45,4516,323,True,True,211,6,99,44,34,34,211,134,1.0,0,25192,12060,6030,605144,43282,28274,True,reported_at_empirical_r_star
3.4933004732595894,29.303066311778693,True,142,0.000988632952589108,0.9990113670474109,7.9736631418581e-05,0.9999202633685814,142,0.000988632952589108,True,142,0.000988632952589108,resolved,random two-local,random_baseline,random_7,6,1.0,0.001,0.0,500,142,False,45,0,45,0,45,15,0.821962489621633,29.6091398868494,5.51389200524681,371,first_order_commutator_proxy,152689,proxy_not_certified_for_fidelity,305.37675302758873,"(t^2 / (2 r)) * sum_{a<b} ||[H_a, H_b]|| <= eps",False,placeholder_requires_theorem_specific_input,,missing_theorem_formula_or_constants,"Need the exact low-energy bound to implement, including constants, normalization/energy-shift conventions, and how its accuracy parameter maps onto the notebook's fidelity-error threshold.",False,basis_change_plus_parity_cnot_plus_synthesized_rz,0.007042253521126761,0,188,90,45,4548,323,True,True,200,6,94,44,31,31,200,142,1.0,0,26696,12780,6390,645816,45866,28400,True,reported_at_empirical_r_star
3.0301278860162766,28.329605623552112,True,144,0.0009943032748053193,0.9990056967251947,8.245966439257568e-05,0.9999175403356074,144,0.0009943032748053193,True,144,0.0009943032748053193,resolved,random two-local,random_baseline,random_7,6,1.0,0.001,0.15707963267948966,500,144,False,45,0,45,0,45,15,0.821962489621633,29.6091398868494,5.51389200524681,371,first_order_commutator_proxy,152689,proxy_not_certified_for_fidelity,305.37675302758873,"(t^2 / (2 r)) * sum_{a<b} ||[H_a, H_b]|| <= eps",False,placeholder_requires_theorem_specific_input,,missing_theorem_formula_or_constants,"Need the exact low-energy bound to implement, including constants, normalization/energy-shift conventions, and how its accuracy parameter maps onto the notebook's fidelity-error threshold.",False,basis_change_plus_parity_cnot_plus_synthesized_rz,0.006944444444444444,0,188,90,45,4540,323,True,True,200,6,94,44,31,31,200,144,1.0,0,27072,12960,6480,653760,46512,28800,True,reported_at_empirical_r_star
2.574727637580054,27.11909273171731,True,146,0.0009936966902306388,0.9990063033097694,8.470039432018073e-05,0.9999152996056798,146,0.0009936966902306388,True,146,0.0009936966902306388,resolved,random two-local,random_baseline,random_7,6,1.0,0.001,0.3141592653589793,500,146,False,45,0,45,0,45,15,0.821962489621633,29.6091398868494,5.51389200524681,371,first_order_commutator_proxy,152689,proxy_not_certified_for_fidelity,305.37675302758873,"(t^2 / (2 r)) * sum_{a<b} ||[H_a, H_b]|| <= eps",False,placeholder_requires_theorem_specific_input,,missing_theorem_formula_or_constants,"Need the exact low-energy bound to implement, including constants, normalization/energy-shift conventions, and how its accuracy parameter maps onto the notebook's fidelity-error threshold.",False,basis_change_plus_parity_cnot_plus_synthesized_rz,0.00684931506849315,0,188,90,45,4520,323,True,True,200,6,94,44,31,31,200,146,1.0,0,27448,13140,6570,659920,47158,29200,True,reported_at_empirical_r_star
2.17167747722796,25.858717408042548,True,147,0.000994787106559758,0.9990052128934402,8.595834197389074e-05,0.9999140416580261,147,0.000994787106559758,True,147,0.000994787106559758,resolved,random two-local,random_baseline,random_7,6,1.0,0.001,0.47123889803846897,500,147,False,45,0,45,0,45,15,0.821962489621633,29.6091398868494,5.51389200524681,371,first_order_commutator_proxy,152689,proxy_not_certified_for_fidelity,305.37675302758873,"(t^2 / (2 r)) * sum_{a<b} ||[H_a, H_b]|| <= eps",False,placeholder_requires_theorem_specific_input,,missing_theorem_formula_or_constants,"Need the exact low-energy bound to implement, including constants, normalization/energy-shift conventions, and how its accuracy parameter maps onto the notebook's fidelity-error threshold.",False,basis_change_plus_parity_cnot_plus_synthesized_rz,0.006802721088435374,0,188,90,45,4542,323,True,True,200,6,94,44,31,31,200,147,1.0,0,27636,13230,6615,667674,47481,29400,True,reported_at_empirical_r_star
1.8604307628708567,24.776549367001422,True,147,0.0009970628795189507,0.999002937120481,8.617464297588917e-05,0.9999138253570241,147,0.0009970628795189507,True,147,0.0009970628795189507,resolved,random two-local,random_baseline,random_7,6,1.0,0.001,0.6283185307179586,500,147,False,45,0,45,0,45,15,0.821962489621633,29.6091398868494,5.51389200524681,371,first_order_commutator_proxy,152689,proxy_not_certified_for_fidelity,305.37675302758873,"(t^2 / (2 r)) * sum_{a<b} ||[H_a, H_b]|| <= eps",False,placeholder_requires_theorem_specific_input,,missing_theorem_formula_or_constants,"Need the exact low-energy bound to implement, including constants, normalization/energy-shift conventions, and how its accuracy parameter maps onto the notebook's fidelity-error threshold.",False,basis_change_plus_parity_cnot_plus_synthesized_rz,0.006802721088435374,0,188,90,45,4542,323,True,True,200,6,94,44,31,31,200,147,1.0,0,27636,13230,6615,667674,47481,29400,True,reported_at_empirical_r_star
1.6714544914933915,24.079223130166696,True,147,0.000992033703556161,0.9990079662964438,8.577193132186522e-05,0.9999142280686781,147,0.000992033703556161,True,147,0.000992033703556161,resolved,random two-local,random_baseline,random_7,6,1.0,0.001,0.7853981633974483,500,147,False,45,0,45,0,45,15,0.821962489621633,29.6091398868494,5.51389200524681,371,first_order_commutator_proxy,152689,proxy_not_certified_for_fidelity,305.37675302758873,"(t^2 / (2 r)) * sum_{a<b} ||[H_a, H_b]|| <= eps",False,placeholder_requires_theorem_specific_input,,missing_theorem_formula_or_constants,"Need the exact low-energy bound to implement, including constants, normalization/energy-shift conventions, and how its accuracy parameter maps onto the notebook's fidelity-error threshold.",False,basis_change_plus_parity_cnot_plus_synthesized_rz,0.006802721088435374,0,188,90,45,4542,323,True,True,200,6,94,44,31,31,200,147,1.0,0,27636,13230,6615,667674,47481,29400,True,reported_at_empirical_r_star
1.6232469772130937,23.89324555155261,True,147,0.0009869433377039938,0.999013056662296,8.535806731313489e-05,0.9999146419326869,147,0.0009869433377039938,True,147,0.0009869433377039938,resolved,random two-local,random_baseline,random_7,6,1.0,0.001,0.9424777960769379,500,147,False,45,0,45,0,45,15,0.821962489621633,29.6091398868494,5.51389200524681,371,first_order_commutator_proxy,152689,proxy_not_certified_for_fidelity,305.37675302758873,"(t^2 / (2 r)) * sum_{a<b} ||[H_a, H_b]|| <= eps",False,placeholder_requires_theorem_specific_input,,missing_theorem_formula_or_constants,"Need the exact low-energy bound to implement, including constants, normalization/energy-shift conventions, and how its accuracy parameter maps onto the notebook's fidelity-error threshold.",False,basis_change_plus_parity_cnot_plus_synthesized_rz,0.006802721088435374,0,188,90,45,4542,323,True,True,200,6,94,44,31,31,200,147,1.0,0,27636,13230,6615,667674,47481,29400,True,reported_at_empirical_r_star
1.72052710740922,24.230363802388492,True,147,0.0009864757057113094,0.9990135242942887,8.532047157283618e-05,0.9999146795284272,147,0.0009864757057113094,True,147,0.0009864757057113094,resolved,random two-local,random_baseline,random_7,6,1.0,0.001,1.0995574287564276,500,147,False,45,0,45,0,45,15,0.821962489621633,29.6091398868494,5.51389200524681,371,first_order_commutator_proxy,152689,proxy_not_certified_for_fidelity,305.37675302758873,"(t^2 / (2 r)) * sum_{a<b} ||[H_a, H_b]|| <= eps",False,placeholder_requires_theorem_specific_input,,missing_theorem_formula_or_constants,"Need the exact low-energy bound to implement, including constants, normalization/energy-shift conventions, and how its accuracy parameter maps onto the notebook's fidelity-error threshold.",False,basis_change_plus_parity_cnot_plus_synthesized_rz,0.006802721088435374,0,188,90,45,4542,323,True,True,200,6,94,44,31,31,200,147,1.0,0,27636,13230,6615,667674,47481,29400,True,reported_at_empirical_r_star
1.9537724251476547,24.988882063665333,True,147,0.000990446500977682,0.9990095534990223,8.563584221688014e-05,0.9999143641577831,147,0.000990446500977682,True,147,0.000990446500977682,resolved,random two-local,random_baseline,random_7,6,1.0,0.001,1.2566370614359172,500,147,False,45,0,45,0,45,15,0.821962489621633,29.6091398868494,5.51389200524681,371,first_order_commutator_proxy,152689,proxy_not_certified_for_fidelity,305.37675302758873,"(t^2 / (2 r)) * sum_{a<b} ||[H_a, H_b]|| <= eps",False,placeholder_requires_theorem_specific_input,,missing_theorem_formula_or_constants,"Need the exact low-energy bound to implement, including constants, normalization/energy-shift conventions, and how its accuracy parameter maps onto the notebook's fidelity-error threshold.",False,basis_change_plus_parity_cnot_plus_synthesized_rz,0.006802721088435374,0,188,90,45,4542,323,True,True,200,6,94,44,31,31,200,147,1.0,0,27636,13230,6615,667674,47481,29400,True,reported_at_empirical_r_star
2.3001512536124693,25.989855886820795,True,147,0.0009955227656772703,0.9990044772343227,8.60207316882855e-05,0.9999139792683117,147,0.0009955227656772703,True,147,0.0009955227656772703,resolved,random two-local,random_baseline,random_7,6,1.0,0.001,1.413716694115407,500,147,False,45,0,45,0,45,15,0.821962489621633,29.6091398868494,5.51389200524681,371,first_order_commutator_proxy,152689,proxy_not_certified_for_fidelity,305.37675302758873,"(t^2 / (2 r)) * sum_{a<b} ||[H_a, H_b]|| <= eps",False,placeholder_requires_theorem_specific_input,,missing_theorem_formula_or_constants,"Need the exact low-energy bound to implement, including constants, normalization/energy-shift conventions, and how its accuracy parameter maps onto the notebook's fidelity-error threshold.",False,basis_change_plus_parity_cnot_plus_synthesized_rz,0.006802721088435374,0,188,90,45,4542,323,True,True,200,6,94,44,31,31,200,147,1.0,0,27636,13230,6615,667674,47481,29400,True,reported_at_empirical_r_star
2.725757619710322,27.034598606042145,True,147,0.0009988304321150165,0.999001169567885,8.623733570878311e-05,0.9999137626642912,147,0.0009988304321150165,True,147,0.0009988304321150165,resolved,random two-local,random_baseline,random_7,6,1.0,0.001,1.5707963267948966,500,147,False,45,0,45,0,45,15,0.821962489621633,29.6091398868494,5.51389200524681,371,first_order_commutator_proxy,152689,proxy_not_certified_for_fidelity,305.37675302758873,"(t^2 / (2 r)) * sum_{a<b} ||[H_a, H_b]|| <= eps",False,placeholder_requires_theorem_specific_input,,missing_theorem_formula_or_constants,"Need the exact low-energy bound to implement, including constants, normalization/energy-shift conventions, and how its accuracy parameter maps onto the notebook's fidelity-error threshold.",False,basis_change_plus_parity_cnot_plus_synthesized_rz,0.006802721088435374,0,188,90,45,4542,323,True,True,200,6,94,44,31,31,200,147,1.0,0,27636,13230,6615,667674,47481,29400,True,reported_at_empirical_r_star
3.188930206953636,27.96259582142622,True,147,0.0009997734564000105,0.9990002265436,8.624381470456743e-05,0.9999137561852954,147,0.0009997734564000105,True,147,0.0009997734564000105,resolved,random two-local,random_baseline,random_7,6,1.0,0.001,1.7278759594743862,500,147,False,45,0,45,0,45,15,0.821962489621633,29.6091398868494,5.51389200524681,371,first_order_commutator_proxy,152689,proxy_not_certified_for_fidelity,305.37675302758873,"(t^2 / (2 r)) * sum_{a<b} ||[H_a, H_b]|| <= eps",False,placeholder_requires_theorem_specific_input,,missing_theorem_formula_or_constants,"Need the exact low-energy bound to implement, including constants, normalization/energy-shift conventions, and how its accuracy parameter maps onto the notebook's fidelity-error threshold.",False,basis_change_plus_parity_cnot_plus_synthesized_rz,0.006802721088435374,0,188,90,45,4542,323,True,True,200,6,94,44,31,31,200,147,1.0,0,27636,13230,6615,667674,47481,29400,True,reported_at_empirical_r_star
3.64433045538986,28.689466309741785,True,147,0.0009990000289875622,0.9990009999710124,8.610569218359121e-05,0.9999138943078164,147,0.0009990000289875622,True,147,0.0009990000289875622,resolved,random two-local,random_baseline,random_7,6,1.0,0.001,1.8849555921538759,500,147,False,45,0,45,0,45,15,0.821962489621633,29.6091398868494,5.51389200524681,371,first_order_commutator_proxy,152689,proxy_not_certified_for_fidelity,305.37675302758873,"(t^2 / (2 r)) * sum_{a<b} ||[H_a, H_b]|| <= eps",False,placeholder_requires_theorem_specific_input,,missing_theorem_formula_or_constants,"Need the exact low-energy bound to implement, including constants, normalization/energy-shift conventions, and how its accuracy parameter maps onto the notebook's fidelity-error threshold.",False,basis_change_plus_parity_cnot_plus_synthesized_rz,0.006802721088435374,0,188,90,45,4542,323,True,True,200,6,94,44,31,31,200,147,1.0,0,27636,13230,6615,667674,47481,29400,True,reported_at_empirical_r_star
4.04738061574195,29.21275525896427,True,147,0.0009975299585688324,0.9990024700414312,8.592571057153275e-05,0.9999140742894285,147,0.0009975299585688324,True,147,0.0009975299585688324,resolved,random two-local,random_baseline,random_7,6,1.0,0.001,2.0420352248333655,500,147,False,45,0,45,0,45,15,0.821962489621633,29.6091398868494,5.51389200524681,371,first_order_commutator_proxy,152689,proxy_not_certified_for_fidelity,305.37675302758873,"(t^2 / (2 r)) * sum_{a<b} ||[H_a, H_b]|| <= eps",False,placeholder_requires_theorem_specific_input,,missing_theorem_formula_or_constants,"Need the exact low-energy bound to implement, including constants, normalization/energy-shift conventions, and how its accuracy parameter maps onto the notebook's fidelity-error threshold.",False,basis_change_plus_parity_cnot_plus_synthesized_rz,0.006802721088435374,0,188,90,45,4542,323,True,True,200,6,94,44,31,31,200,147,1.0,0,27636,13230,6615,667674,47481,29400,True,reported_at_empirical_r_star
4.358627330099056,29.58593489701635,True,147,0.0009986476224967955,0.9990013523775032,8.600407379910635e-05,0.9999139959262009,147,0.0009986476224967955,True,147,0.0009986476224967955,resolved,random two-local,random_baseline,random_7,6,1.0,0.001,2.199114857512855,500,147,False,45,0,45,0,45,15,0.821962489621633,29.6091398868494,5.51389200524681,371,first_order_commutator_proxy,152689,proxy_not_certified_for_fidelity,305.37675302758873,"(t^2 / (2 r)) * sum_{a<b} ||[H_a, H_b]|| <= eps",False,placeholder_requires_theorem_specific_input,,missing_theorem_formula_or_constants,"Need the exact low-energy bound to implement, including constants, normalization/energy-shift conventions, and how its accuracy parameter maps onto the notebook's fidelity-error threshold.",False,basis_change_plus_parity_cnot_plus_synthesized_rz,0.006802721088435374,0,188,90,45,4542,323,True,True,200,6,94,44,31,31,200,147,1.0,0,27636,13230,6615,667674,47481,29400,True,reported_at_empirical_r_star
4.547603601476521,29.873180174637614,True,148,0.0009959556617021859,0.9990040443382978,8.696921401851743e-05,0.9999130307859815,148,0.0009959556617021859,True,148,0.0009959556617021859,resolved,random two-local,random_baseline,random_7,6,1.0,0.001,2.356194490192345,500,148,False,45,0,45,0,45,15,0.821962489621633,29.6091398868494,5.51389200524681,371,first_order_commutator_proxy,152689,proxy_not_certified_for_fidelity,305.37675302758873,"(t^2 / (2 r)) * sum_{a<b} ||[H_a, H_b]|| <= eps",False,placeholder_requires_theorem_specific_input,,missing_theorem_formula_or_constants,"Need the exact low-energy bound to implement, including constants, normalization/energy-shift conventions, and how its accuracy parameter maps onto the notebook's fidelity-error threshold.",False,basis_change_plus_parity_cnot_plus_synthesized_rz,0.006756756756756757,0,188,90,45,4534,323,True,True,200,6,94,44,31,31,200,148,1.0,0,27824,13320,6660,671032,47804,29600,True,reported_at_empirical_r_star
4.595811115756817,30.104621226094217,True,150,0.0009964013007792705,0.9990035986992207,8.942784636445378e-05,0.9999105721536355,150,0.0009964013007792705,True,150,0.0009964013007792705,resolved,random two-local,random_baseline,random_7,6,1.0,0.001,2.5132741228718345,500,150,False,45,0,45,0,45,15,0.821962489621633,29.6091398868494,5.51389200524681,371,first_order_commutator_proxy,152689,proxy_not_certified_for_fidelity,305.37675302758873,"(t^2 / (2 r)) * sum_{a<b} ||[H_a, H_b]|| <= eps",False,placeholder_requires_theorem_specific_input,,missing_theorem_formula_or_constants,"Need the exact low-energy bound to implement, including constants, normalization/energy-shift conventions, and how its accuracy parameter maps onto the notebook's fidelity-error threshold.",False,basis_change_plus_parity_cnot_plus_synthesized_rz,0.006666666666666667,0,188,90,45,4556,323,True,True,200,6,94,44,31,31,200,150,1.0,0,28200,13500,6750,683400,48450,30000,True,reported_at_empirical_r_star
4.498530985560691,30.25114537877757,True,153,0.00099821206439199,0.999001787935608,9.32567759636127e-05,0.9999067432240364,153,0.00099821206439199,True,153,0.00099821206439199,resolved,random two-local,random_baseline,random_7,6,1.0,0.001,2.670353755551324,500,153,False,45,0,45,0,45,15,0.821962489621633,29.6091398868494,5.51389200524681,371,first_order_commutator_proxy,152689,proxy_not_certified_for_fidelity,305.37675302758873,"(t^2 / (2 r)) * sum_{a<b} ||[H_a, H_b]|| <= eps",False,placeholder_requires_theorem_specific_input,,missing_theorem_formula_or_constants,"Need the exact low-energy bound to implement, including constants, normalization/energy-shift conventions, and how its accuracy parameter maps onto the notebook's fidelity-error threshold.",False,basis_change_plus_parity_cnot_plus_synthesized_rz,0.006535947712418301,0,188,90,45,4526,323,True,True,200,6,94,44,31,31,200,153,1.0,0,28764,13770,6885,692478,49419,30600,True,reported_at_empirical_r_star
4.26528566782226,30.229713491953035,True,157,0.0009890034578035056,0.9990109965421965,9.731254783473808e-05,0.9999026874521653,157,0.0009890034578035056,True,157,0.0009890034578035056,resolved,random two-local,random_baseline,random_7,6,1.0,0.001,2.827433388230814,500,157,False,45,0,45,0,45,15,0.821962489621633,29.6091398868494,5.51389200524681,371,first_order_commutator_proxy,152689,proxy_not_certified_for_fidelity,305.37675302758873,"(t^2 / (2 r)) * sum_{a<b} ||[H_a, H_b]|| <= eps",False,placeholder_requires_theorem_specific_input,,missing_theorem_formula_or_constants,"Need the exact low-energy bound to implement, including constants, normalization/energy-shift conventions, and how its accuracy parameter maps onto the notebook's fidelity-error threshold.",False,basis_change_plus_parity_cnot_plus_synthesized_rz,0.006369426751592357,0,188,90,45,4534,323,True,True,200,6,94,44,31,31,200,157,1.0,0,29516,14130,7065,711838,50711,31400,True,reported_at_empirical_r_star
3.9189068393574433,29.9377280717866,True,159,0.000991521978285781,0.9990084780217142,0.00010005656965050846,0.9998999434303495,159,0.000991521978285781,True,159,0.000991521978285781,resolved,random two-local,random_baseline,random_7,6,1.0,0.001,2.9845130209103035,500,159,False,45,0,45,0,45,15,0.821962489621633,29.6091398868494,5.51389200524681,371,first_order_commutator_proxy,152689,proxy_not_certified_for_fidelity,305.37675302758873,"(t^2 / (2 r)) * sum_{a<b} ||[H_a, H_b]|| <= eps",False,placeholder_requires_theorem_specific_input,,missing_theorem_formula_or_constants,"Need the exact low-energy bound to implement, including constants, normalization/energy-shift conventions, and how its accuracy parameter maps onto the notebook's fidelity-error threshold.",False,basis_change_plus_parity_cnot_plus_synthesized_rz,0.006289308176100629,0,188,90,45,4528,323,True,True,200,6,94,44,31,31,200,159,1.0,0,29892,14310,7155,719952,51357,31800,True,reported_at_empirical_r_star
3.49330047325959,29.303066311778693,True,159,0.000997422341647236,0.9990025776583528,0.00010063442033336756,0.9998993655796666,159,0.000997422341647236,True,159,0.000997422341647236,resolved,random two-local,random_baseline,random_7,6,1.0,0.001,3.141592653589793,500,159,False,45,0,45,0,45,15,0.821962489621633,29.6091398868494,5.51389200524681,371,first_order_commutator_proxy,152689,proxy_not_certified_for_fidelity,305.37675302758873,"(t^2 / (2 r)) * sum_{a<b} ||[H_a, H_b]|| <= eps",False,placeholder_requires_theorem_specific_input,,missing_theorem_formula_or_constants,"Need the exact low-energy bound to implement, including constants, normalization/energy-shift conventions, and how its accuracy parameter maps onto the notebook's fidelity-error threshold.",False,basis_change_plus_parity_cnot_plus_synthesized_rz,0.006289308176100629,0,188,90,45,4528,323,True,True,200,6,94,44,31,31,200,159,1.0,0,29892,14310,7155,719952,51357,31800,True,reported_at_empirical_r_star
-1.8153718705585102,26.84385981735419,True,148,0.0009916848541203782,0.9990083151458796,8.692039676716501e-05,0.9999130796032328,148,0.0009916848541203782,True,148,0.0009916848541203782,resolved,random two-local,random_baseline,random_8,6,1.0,0.001,0.0,500,148,False,45,0,45,0,45,15,0.8219624896216331,30.348502764871817,5.51389200524681,385,first_order_commutator_proxy,171944,proxy_not_certified_for_fidelity,343.8860828099164,"(t^2 / (2 r)) * sum_{a<b} ||[H_a, H_b]|| <= eps",False,placeholder_requires_theorem_specific_input,,missing_theorem_formula_or_constants,"Need the exact low-energy bound to implement, including constants, normalization/energy-shift conventions, and how its accuracy parameter maps onto the notebook's fidelity-error threshold.",False,basis_change_plus_parity_cnot_plus_synthesized_rz,0.006756756756756757,0,150,90,45,4568,285,True,True,168,6,78,44,23,23,168,148,1.0,0,22200,13320,6660,676064,42180,24864,True,reported_at_empirical_r_star
-0.4734218009630031,25.85027955388846,True,149,0.0009975346545982866,0.9990024653454017,8.854320298024021e-05,0.9999114567970198,149,0.0009975346545982866,True,149,0.0009975346545982866,resolved,random two-local,random_baseline,random_8,6,1.0,0.001,0.15707963267948966,500,149,False,45,0,45,0,45,15,0.8219624896216331,30.348502764871817,5.51389200524681,385,first_order_commutator_proxy,171944,proxy_not_certified_for_fidelity,343.8860828099164,"(t^2 / (2 r)) * sum_{a<b} ||[H_a, H_b]|| <= eps",False,placeholder_requires_theorem_specific_input,,missing_theorem_formula_or_constants,"Need the exact low-energy bound to implement, including constants, normalization/energy-shift conventions, and how its accuracy parameter maps onto the notebook's fidelity-error threshold.",False,basis_change_plus_parity_cnot_plus_synthesized_rz,0.006711409395973154,0,150,90,45,4534,285,True,True,168,6,78,44,23,23,168,149,1.0,0,22350,13410,6705,675566,42465,25032,True,reported_at_empirical_r_star
0.8419758519094581,23.100507484362907,True,150,0.0009931377047531775,0.9990068622952468,8.928415100772913e-05,0.9999107158489923,150,0.0009931377047531775,True,150,0.0009931377047531775,resolved,random two-local,random_baseline,random_8,6,1.0,0.001,0.3141592653589793,500,150,False,45,0,45,0,45,15,0.8219624896216331,30.348502764871817,5.51389200524681,385,first_order_commutator_proxy,171944,proxy_not_certified_for_fidelity,343.8860828099164,"(t^2 / (2 r)) * sum_{a<b} ||[H_a, H_b]|| <= eps",False,placeholder_requires_theorem_specific_input,,missing_theorem_formula_or_constants,"Need the exact low-energy bound to implement, including constants, normalization/energy-shift conventions, and how its accuracy parameter maps onto the notebook's fidelity-error threshold.",False,basis_change_plus_parity_cnot_plus_synthesized_rz,0.006666666666666667,0,150,90,45,4534,285,True,True,168,6,78,44,23,23,168,150,1.0,0,22500,13500,6750,680100,42750,25200,True,reported_at_empirical_r_star
2.0020608008813574,19.430054355470467,True,151,0.0009905375154033447,0.9990094624845967,9.021784128648846e-05,0.9999097821587135,151,0.0009905375154033447,True,151,0.0009905375154033447,resolved,random two-local,random_baseline,random_8,6,1.0,0.001,0.47123889803846897,500,151,False,45,0,45,0,45,15,0.8219624896216331,30.348502764871817,5.51389200524681,385,first_order_commutator_proxy,171944,proxy_not_certified_for_fidelity,343.8860828099164,"(t^2 / (2 r)) * sum_{a<b} ||[H_a, H_b]|| <= eps",False,placeholder_requires_theorem_specific_input,,missing_theorem_formula_or_constants,"Need the exact low-energy bound to implement, including constants, normalization/energy-shift conventions, and how its accuracy parameter maps onto the notebook's fidelity-error threshold.",False,basis_change_plus_parity_cnot_plus_synthesized_rz,0.006622516556291391,0,150,90,45,4544,285,True,True,168,6,78,44,23,23,168,151,1.0,0,22650,13590,6795,686144,43035,25368,True,reported_at_empirical_r_star
2.8932758483602106,16.19586755221873,True,153,0.0009870513077827603,0.9990129486922172,9.23131152825718e-05,0.9999076868847174,153,0.0009870513077827603,True,153,0.0009870513077827603,resolved,random two-local,random_baseline,random_8,6,1.0,0.001,0.6283185307179586,500,153,False,45,0,45,0,45,15,0.8219624896216331,30.348502764871817,5.51389200524681,385,first_order_commutator_proxy,171944,proxy_not_certified_for_fidelity,343.8860828099164,"(t^2 / (2 r)) * sum_{a<b} ||[H_a, H_b]|| <= eps",False,placeholder_requires_theorem_specific_input,,missing_theorem_formula_or_constants,"Need the exact low-energy bound to implement, including constants, normalization/energy-shift conventions, and how its accuracy parameter maps onto the notebook's fidelity-error threshold.",False,basis_change_plus_parity_cnot_plus_synthesized_rz,0.006535947712418301,0,150,90,45,4524,285,True,True,168,6,78,44,23,23,168,153,1.0,0,22950,13770,6885,692172,43605,25704,True,reported_at_empirical_r_star
3.428382656038427,14.762432240405559,True,155,0.0009969943951758653,0.9990030056048241,9.57456082417707e-05,0.9999042543917582,155,0.0009969943951758653,True,155,0.0009969943951758653,resolved,random two-local,random_baseline,random_8,6,1.0,0.001,0.7853981633974483,500,155,False,45,0,45,0,45,15,0.8219624896216331,30.348502764871817,5.51389200524681,385,first_order_commutator_proxy,171944,proxy_not_certified_for_fidelity,343.8860828099164,"(t^2 / (2 r)) * sum_{a<b} ||[H_a, H_b]|| <= eps",False,placeholder_requires_theorem_specific_input,,missing_theorem_formula_or_constants,"Need the exact low-energy bound to implement, including constants, normalization/energy-shift conventions, and how its accuracy parameter maps onto the notebook's fidelity-error threshold.",False,basis_change_plus_parity_cnot_plus_synthesized_rz,0.0064516129032258064,0,150,90,45,4522,285,True,True,168,6,78,44,23,23,168,155,1.0,0,23250,13950,6975,700910,44175,26040,True,reported_at_empirical_r_star
3.555001241272105,15.967943705149546,True,158,0.0009968268460461838,0.9990031731539538,9.953687143260392e-05,0.9999004631285674,158,0.0009968268460461838,True,158,0.0009968268460461838,resolved,random two-local,random_baseline,random_8,6,1.0,0.001,0.9424777960769379,500,158,False,45,0,45,0,45,15,0.8219624896216331,30.348502764871817,5.51389200524681,385,first_order_commutator_proxy,171944,proxy_not_certified_for_fidelity,343.8860828099164,"(t^2 / (2 r)) * sum_{a<b} ||[H_a, H_b]|| <= eps",False,placeholder_requires_theorem_specific_input,,missing_theorem_formula_or_constants,"Need the exact low-energy bound to implement, including constants, normalization/energy-shift conventions, and how its accuracy parameter maps onto the notebook's fidelity-error threshold.",False,basis_change_plus_parity_cnot_plus_synthesized_rz,0.006329113924050633,0,150,90,45,4502,285,True,True,168,6,78,44,23,23,168,158,1.0,0,23700,14220,7110,711316,45030,26544,True,reported_at_empirical_r_star
3.260737294735011,19.775692268326857,True,160,0.0009939962296701133,0.9990060037703299,0.00010184626620168835,0.9998981537337983,160,0.0009939962296701133,True,160,0.0009939962296701133,resolved,random two-local,random_baseline,random_8,6,1.0,0.001,1.0995574287564276,500,160,False,45,0,45,0,45,15,0.8219624896216331,30.348502764871817,5.51389200524681,385,first_order_commutator_proxy,171944,proxy_not_certified_for_fidelity,343.8860828099164,"(t^2 / (2 r)) * sum_{a<b} ||[H_a, H_b]|| <= eps",False,placeholder_requires_theorem_specific_input,,missing_theorem_formula_or_constants,"Need the exact low-energy bound to implement, including constants, normalization/energy-shift conventions, and how its accuracy parameter maps onto the notebook's fidelity-error threshold.",False,basis_change_plus_parity_cnot_plus_synthesized_rz,0.00625,0,150,90,45,4552,285,True,True,168,6,78,44,23,23,168,160,1.0,0,24000,14400,7200,728320,45600,26880,True,reported_at_empirical_r_star
2.5743954217716687,25.24660507269024,True,159,0.0009963027867940788,0.9990036972132059,0.00010086399687669889,0.9998991360031233,159,0.0009963027867940788,True,159,0.0009963027867940788,resolved,random two-local,random_baseline,random_8,6,1.0,0.001,1.2566370614359172,500,159,False,45,0,45,0,45,15,0.8219624896216331,30.348502764871817,5.51389200524681,385,first_order_commutator_proxy,171944,proxy_not_certified_for_fidelity,343.8860828099164,"(t^2 / (2 r)) * sum_{a<b} ||[H_a, H_b]|| <= eps",False,placeholder_requires_theorem_specific_input,,missing_theorem_formula_or_constants,"Need the exact low-energy bound to implement, including constants, normalization/energy-shift conventions, and how its accuracy parameter maps onto the notebook's fidelity-error threshold.",False,basis_change_plus_parity_cnot_plus_synthesized_rz,0.006289308176100629,0,150,90,45,4532,285,True,True,168,6,78,44,23,23,168,159,1.0,0,23850,14310,7155,720588,45315,26712,True,reported_at_empirical_r_star
1.5631595469327522,30.847493195656845,True,155,0.0009953156315753997,0.9990046843684246,9.580385030993899e-05,0.9999041961496901,155,0.0009953156315753997,True,155,0.0009953156315753997,resolved,random two-local,random_baseline,random_8,6,1.0,0.001,1.413716694115407,500,155,False,45,0,45,0,45,15,0.8219624896216331,30.348502764871817,5.51389200524681,385,first_order_commutator_proxy,171944,proxy_not_certified_for_fidelity,343.8860828099164,"(t^2 / (2 r)) * sum_{a<b} ||[H_a, H_b]|| <= eps",False,placeholder_requires_theorem_specific_input,,missing_theorem_formula_or_constants,"Need the exact low-energy bound to implement, including constants, normalization/energy-shift conventions, and how its accuracy parameter maps onto the notebook's fidelity-error threshold.",False,basis_change_plus_parity_cnot_plus_synthesized_rz,0.0064516129032258064,0,150,90,45,4522,285,True,True,168,6,78,44,23,23,168,155,1.0,0,23250,13950,6975,700910,44175,26040,True,reported_at_empirical_r_star
0.3260164833421306,34.982202256477336,True,148,0.0009949899969466935,0.9990050100030533,8.736241164164493e-05,0.9999126375883584,148,0.0009949899969466935,True,148,0.0009949899969466935,resolved,random two-local,random_baseline,random_8,6,1.0,0.001,1.5707963267948966,500,148,False,45,0,45,0,45,15,0.8219624896216331,30.348502764871817,5.51389200524681,385,first_order_commutator_proxy,171944,proxy_not_certified_for_fidelity,343.8860828099164,"(t^2 / (2 r)) * sum_{a<b} ||[H_a, H_b]|| <= eps",False,placeholder_requires_theorem_specific_input,,missing_theorem_formula_or_constants,"Need the exact low-energy bound to implement, including constants, normalization/energy-shift conventions, and how its accuracy parameter maps onto the notebook's fidelity-error threshold.",False,basis_change_plus_parity_cnot_plus_synthesized_rz,0.006756756756756757,0,150,90,45,4568,285,True,True,168,6,78,44,23,23,168,148,1.0,0,22200,13320,6660,676064,42180,24864,True,reported_at_empirical_r_star
-1.0159335862533783,36.548117474599486,True,139,0.0009985895795218136,0.9990014104204782,7.738380250255084e-05,0.9999226161974974,139,0.0009985895795218136,True,139,0.0009985895795218136,resolved,random two-local,random_baseline,random_8,6,1.0,0.001,1.7278759594743862,500,139,False,45,0,45,0,45,15,0.8219624896216331,30.348502764871817,5.51389200524681,385,first_order_commutator_proxy,171944,proxy_not_certified_for_fidelity,343.8860828099164,"(t^2 / (2 r)) * sum_{a<b} ||[H_a, H_b]|| <= eps",False,placeholder_requires_theorem_specific_input,,missing_theorem_formula_or_constants,"Need the exact low-energy bound to implement, including constants, normalization/energy-shift conventions, and how its accuracy parameter maps onto the notebook's fidelity-error threshold.",False,basis_change_plus_parity_cnot_plus_synthesized_rz,0.007194244604316547,0,150,90,45,4548,285,True,True,168,6,78,44,23,23,168,139,1.0,0,20850,12510,6255,632172,39615,23352,True,reported_at_empirical_r_star
-2.3313312391258396,35.31066197476296,True,131,0.0009881576483568022,0.9990118423516432,6.80427910775272e-05,0.9999319572089225,131,0.0009881576483568022,True,131,0.0009881576483568022,resolved,random two-local,random_baseline,random_8,6,1.0,0.001,1.8849555921538759,500,131,False,45,0,45,0,45,15,0.8219624896216331,30.348502764871817,5.51389200524681,385,first_order_commutator_proxy,171944,proxy_not_certified_for_fidelity,343.8860828099164,"(t^2 / (2 r)) * sum_{a<b} ||[H_a, H_b]|| <= eps",False,placeholder_requires_theorem_specific_input,,missing_theorem_formula_or_constants,"Need the exact low-energy bound to implement, including constants, normalization/energy-shift conventions, and how its accuracy parameter maps onto the notebook's fidelity-error threshold.",False,basis_change_plus_parity_cnot_plus_synthesized_rz,0.007633587786259542,0,150,90,45,4510,285,True,True,168,6,78,44,23,23,168,131,1.0,0,19650,11790,5895,590810,37335,22008,True,reported_at_empirical_r_star
-3.4914161880977383,31.95731042089049,True,124,0.0009905757104993196,0.9990094242895007,6.110620934707267e-05,0.9999388937906529,124,0.0009905757104993196,True,124,0.0009905757104993196,resolved,random two-local,random_baseline,random_8,6,1.0,0.001,2.0420352248333655,500,124,False,45,0,45,0,45,15,0.8219624896216331,30.348502764871817,5.51389200524681,385,first_order_commutator_proxy,171944,proxy_not_certified_for_fidelity,343.8860828099164,"(t^2 / (2 r)) * sum_{a<b} ||[H_a, H_b]|| <= eps",False,placeholder_requires_theorem_specific_input,,missing_theorem_formula_or_constants,"Need the exact low-energy bound to implement, including constants, normalization/energy-shift conventions, and how its accuracy parameter maps onto the notebook's fidelity-error threshold.",False,basis_change_plus_parity_cnot_plus_synthesized_rz,0.008064516129032258,0,150,90,45,4560,285,True,True,168,6,78,44,23,23,168,124,1.0,0,18600,11160,5580,565440,35340,20832,True,reported_at_empirical_r_star
-4.382631235576596,27.813970086450023,True,120,0.000997892795248645,0.9990021072047514,5.759013388340062e-05,0.9999424098661166,120,0.000997892795248645,True,120,0.000997892795248645,resolved,random two-local,random_baseline,random_8,6,1.0,0.001,2.199114857512855,500,120,False,45,0,45,0,45,15,0.8219624896216331,30.348502764871817,5.51389200524681,385,first_order_commutator_proxy,171944,proxy_not_certified_for_fidelity,343.8860828099164,"(t^2 / (2 r)) * sum_{a<b} ||[H_a, H_b]|| <= eps",False,placeholder_requires_theorem_specific_input,,missing_theorem_formula_or_constants,"Need the exact low-energy bound to implement, including constants, normalization/energy-shift conventions, and how its accuracy parameter maps onto the notebook's fidelity-error threshold.",False,basis_change_plus_parity_cnot_plus_synthesized_rz,0.008333333333333333,0,150,90,45,4530,285,True,True,168,6,78,44,23,23,168,120,1.0,0,18000,10800,5400,543600,34200,20160,True,reported_at_empirical_r_star
-4.9177380432548095,24.334120419317387,True,121,0.0009857632586235399,0.9990142367413765,5.775001969732241e-05,0.9999422499803027,121,0.0009857632586235399,True,121,0.0009857632586235399,resolved,random two-local,random_baseline,random_8,6,1.0,0.001,2.356194490192345,500,121,False,45,0,45,0,45,15,0.8219624896216331,30.348502764871817,5.51389200524681,385,first_order_commutator_proxy,171944,proxy_not_certified_for_fidelity,343.8860828099164,"(t^2 / (2 r)) * sum_{a<b} ||[H_a, H_b]|| <= eps",False,placeholder_requires_theorem_specific_input,,missing_theorem_formula_or_constants,"Need the exact low-energy bound to implement, including constants, normalization/energy-shift conventions, and how its accuracy parameter maps onto the notebook's fidelity-error threshold.",False,basis_change_plus_parity_cnot_plus_synthesized_rz,0.008264462809917356,0,150,90,45,4536,285,True,True,168,6,78,44,23,23,168,121,1.0,0,18150,10890,5445,548856,34485,20328,True,reported_at_empirical_r_star
-5.044356628488483,22.556273999917018,True,124,0.0009959196567163042,0.9990040803432837,6.120044425084181e-05,0.9999387995557492,124,0.0009959196567163042,True,124,0.0009959196567163042,resolved,random two-local,random_baseline,random_8,6,1.0,0.001,2.5132741228718345,500,124,False,45,0,45,0,45,15,0.8219624896216331,30.348502764871817,5.51389200524681,385,first_order_commutator_proxy,171944,proxy_not_certified_for_fidelity,343.8860828099164,"(t^2 / (2 r)) * sum_{a<b} ||[H_a, H_b]|| <= eps",False,placeholder_requires_theorem_specific_input,,missing_theorem_formula_or_constants,"Need the exact low-energy bound to implement, including constants, normalization/energy-shift conventions, and how its accuracy parameter maps onto the notebook's fidelity-error threshold.",False,basis_change_plus_parity_cnot_plus_synthesized_rz,0.008064516129032258,0,150,90,45,4560,285,True,True,168,6,78,44,23,23,168,124,1.0,0,18600,11160,5580,565440,35340,20832,True,reported_at_empirical_r_star
-4.750092681951391,22.735753006101767,True,130,0.0009931146589300388,0.99900688534107,6.70589761415652e-05,0.9999329410238584,130,0.0009931146589300388,True,130,0.0009931146589300388,resolved,random two-local,random_baseline,random_8,6,1.0,0.001,2.670353755551324,500,130,False,45,0,45,0,45,15,0.8219624896216331,30.348502764871817,5.51389200524681,385,first_order_commutator_proxy,171944,proxy_not_certified_for_fidelity,343.8860828099164,"(t^2 / (2 r)) * sum_{a<b} ||[H_a, H_b]|| <= eps",False,placeholder_requires_theorem_specific_input,,missing_theorem_formula_or_constants,"Need the exact low-energy bound to implement, including constants, normalization/energy-shift conventions, and how its accuracy parameter maps onto the notebook's fidelity-error threshold.",False,basis_change_plus_parity_cnot_plus_synthesized_rz,0.007692307692307693,0,150,90,45,4528,285,True,True,168,6,78,44,23,23,168,130,1.0,0,19500,11700,5850,588640,37050,21840,True,reported_at_empirical_r_star
-4.063750808988053,24.288644884503313,True,137,0.000987974846010542,0.9990120251539895,7.41309590736039e-05,0.9999258690409264,137,0.000987974846010542,True,137,0.000987974846010542,resolved,random two-local,random_baseline,random_8,6,1.0,0.001,2.827433388230814,500,137,False,45,0,45,0,45,15,0.8219624896216331,30.348502764871817,5.51389200524681,385,first_order_commutator_proxy,171944,proxy_not_certified_for_fidelity,343.8860828099164,"(t^2 / (2 r)) * sum_{a<b} ||[H_a, H_b]|| <= eps",False,placeholder_requires_theorem_specific_input,,missing_theorem_formula_or_constants,"Need the exact low-energy bound to implement, including constants, normalization/energy-shift conventions, and how its accuracy parameter maps onto the notebook's fidelity-error threshold.",False,basis_change_plus_parity_cnot_plus_synthesized_rz,0.0072992700729927005,0,150,90,45,4518,285,True,True,168,6,78,44,23,23,168,137,1.0,0,20550,12330,6165,618966,39045,23016,True,reported_at_empirical_r_star
-3.0525149341491344,26.06528389922891,True,143,0.0009920400532884566,0.9990079599467115,8.117817395769666e-05,0.9999188218260423,143,0.0009920400532884566,True,143,0.0009920400532884566,resolved,random two-local,random_baseline,random_8,6,1.0,0.001,2.9845130209103035,500,143,False,45,0,45,0,45,15,0.8219624896216331,30.348502764871817,5.51389200524681,385,first_order_commutator_proxy,171944,proxy_not_certified_for_fidelity,343.8860828099164,"(t^2 / (2 r)) * sum_{a<b} ||[H_a, H_b]|| <= eps",False,placeholder_requires_theorem_specific_input,,missing_theorem_formula_or_constants,"Need the exact low-energy bound to implement, including constants, normalization/energy-shift conventions, and how its accuracy parameter maps onto the notebook's fidelity-error threshold.",False,basis_change_plus_parity_cnot_plus_synthesized_rz,0.006993006993006993,0,150,90,45,4522,285,True,True,168,6,78,44,23,23,168,143,1.0,0,21450,12870,6435,646646,40755,24024,True,reported_at_empirical_r_star
-1.8153718705585111,26.843859817354186,True,148,0.000994251807446278,0.9990057481925537,8.723963527890177e-05,0.9999127603647211,148,0.000994251807446278,True,148,0.000994251807446278,resolved,random two-local,random_baseline,random_8,6,1.0,0.001,3.141592653589793,500,148,False,45,0,45,0,45,15,0.8219624896216331,30.348502764871817,5.51389200524681,385,first_order_commutator_proxy,171944,proxy_not_certified_for_fidelity,343.8860828099164,"(t^2 / (2 r)) * sum_{a<b} ||[H_a, H_b]|| <= eps",False,placeholder_requires_theorem_specific_input,,missing_theorem_formula_or_constants,"Need the exact low-energy bound to implement, including constants, normalization/energy-shift conventions, and how its accuracy parameter maps onto the notebook's fidelity-error threshold.",False,basis_change_plus_parity_cnot_plus_synthesized_rz,0.006756756756756757,0,150,90,45,4568,285,True,True,168,6,78,44,23,23,168,148,1.0,0,22200,13320,6660,676064,42180,24864,True,reported_at_empirical_r_star
-1.1425497215597589,23.116660438771703,True,138,0.0009872571365533434,0.9990127428634467,7.521742463578729e-05,0.9999247825753642,138,0.0009872571365533434,True,138,0.0009872571365533434,resolved,random two-local,random_baseline,random_9,6,1.0,0.001,0.0,500,138,False,45,0,45,0,45,15,0.8219624896216329,27.54268690677529,5.51389200524681,394,first_order_commutator_proxy,149846,proxy_not_certified_for_fidelity,299.6913446959478,"(t^2 / (2 r)) * sum_{a<b} ||[H_a, H_b]|| <= eps",False,placeholder_requires_theorem_specific_input,,missing_theorem_formula_or_constants,"Need the exact low-energy bound to implement, including constants, normalization/energy-shift conventions, and how its accuracy parameter maps onto the notebook's fidelity-error threshold.",False,basis_change_plus_parity_cnot_plus_synthesized_rz,0.007246376811594203,0,168,90,45,4546,303,True,True,186,6,84,44,29,29,186,138,1.0,0,23184,12420,6210,627348,41814,25668,True,reported_at_empirical_r_star
-1.0350572472068313,23.80885327360929,True,142,0.0009908729999013044,0.9990091270000987,7.985677334332308e-05,0.9999201432266567,142,0.0009908729999013044,True,142,0.0009908729999013044,resolved,random two-local,random_baseline,random_9,6,1.0,0.001,0.15707963267948966,500,142,False,45,0,45,0,45,15,0.8219624896216329,27.54268690677529,5.51389200524681,394,first_order_commutator_proxy,149846,proxy_not_certified_for_fidelity,299.6913446959478,"(t^2 / (2 r)) * sum_{a<b} ||[H_a, H_b]|| <= eps",False,placeholder_requires_theorem_specific_input,,missing_theorem_formula_or_constants,"Need the exact low-energy bound to implement, including constants, normalization/energy-shift conventions, and how its accuracy parameter maps onto the notebook's fidelity-error threshold.",False,basis_change_plus_parity_cnot_plus_synthesized_rz,0.007042253521126761,0,168,90,45,4538,303,True,True,186,6,84,44,29,29,186,142,1.0,0,23856,12780,6390,644396,43026,26412,True,reported_at_empirical_r_star
-0.8389612622742482,25.05383858678348,True,147,0.0009864411690683195,0.9990135588309317,8.517637098692799e-05,0.9999148236290131,147,0.0009864411690683195,True,147,0.0009864411690683195,resolved,random two-local,random_baseline,random_9,6,1.0,0.001,0.3141592653589793,500,147,False,45,0,45,0,45,15,0.8219624896216329,27.54268690677529,5.51389200524681,394,first_order_commutator_proxy,149846,proxy_not_certified_for_fidelity,299.6913446959478,"(t^2 / (2 r)) * sum_{a<b} ||[H_a, H_b]|| <= eps",False,placeholder_requires_theorem_specific_input,,missing_theorem_formula_or_constants,"Need the exact low-energy bound to implement, including constants, normalization/energy-shift conventions, and how its accuracy parameter maps onto the notebook's fidelity-error threshold.",False,basis_change_plus_parity_cnot_plus_synthesized_rz,0.006802721088435374,0,168,90,45,4534,303,True,True,186,6,84,44,29,29,186,147,1.0,0,24696,13230,6615,666498,44541,27342,True,reported_at_empirical_r_star
-0.5734570080482762,26.64318703435795,True,151,0.000987007860466682,0.9990129921395333,8.994466395639833e-05,0.9999100553360436,151,0.000987007860466682,True,151,0.000987007860466682,resolved,random two-local,random_baseline,random_9,6,1.0,0.001,0.47123889803846897,500,151,False,45,0,45,0,45,15,0.8219624896216329,27.54268690677529,5.51389200524681,394,first_order_commutator_proxy,149846,proxy_not_certified_for_fidelity,299.6913446959478,"(t^2 / (2 r)) * sum_{a<b} ||[H_a, H_b]|| <= eps",False,placeholder_requires_theorem_specific_input,,missing_theorem_formula_or_constants,"Need the exact low-energy bound to implement, including constants, normalization/energy-shift conventions, and how its accuracy parameter maps onto the notebook's fidelity-error threshold.",False,basis_change_plus_parity_cnot_plus_synthesized_rz,0.006622516556291391,0,168,90,45,4548,303,True,True,186,6,84,44,29,29,186,151,1.0,0,25368,13590,6795,686748,45753,28086,True,reported_at_empirical_r_star
-0.2645338908094703,28.316589793073817,True,153,0.0009939383220591846,0.9990060616779408,9.303082059664014e-05,0.9999069691794034,153,0.0009939383220591846,True,153,0.0009939383220591846,resolved,random two-local,random_baseline,random_9,6,1.0,0.001,0.6283185307179586,500,153,False,45,0,45,0,45,15,0.8219624896216329,27.54268690677529,5.51389200524681,394,first_order_commutator_proxy,149846,proxy_not_certified_for_fidelity,299.6913446959478,"(t^2 / (2 r)) * sum_{a<b} ||[H_a, H_b]|| <= eps",False,placeholder_requires_theorem_specific_input,,missing_theorem_formula_or_constants,"Need the exact low-energy bound to implement, including constants, normalization/energy-shift conventions, and how its accuracy parameter maps onto the notebook's fidelity-error threshold.",False,basis_change_plus_parity_cnot_plus_synthesized_rz,0.006535947712418301,0,168,90,45,4546,303,True,True,186,6,84,44,29,29,186,153,1.0,0,25704,13770,6885,695538,46359,28458,True,reported_at_empirical_r_star
0.057568542332915945,29.82734358953083,True,154,0.0009877081332509974,0.999012291866749,9.370987828960509e-05,0.9999062901217104,154,0.0009877081332509974,True,154,0.0009877081332509974,resolved,random two-local,random_baseline,random_9,6,1.0,0.001,0.7853981633974483,500,154,False,45,0,45,0,45,15,0.8219624896216329,27.54268690677529,5.51389200524681,394,first_order_commutator_proxy,149846,proxy_not_certified_for_fidelity,299.6913446959478,"(t^2 / (2 r)) * sum_{a<b} ||[H_a, H_b]|| <= eps",False,placeholder_requires_theorem_specific_input,,missing_theorem_formula_or_constants,"Need the exact low-energy bound to implement, including constants, normalization/energy-shift conventions, and how its accuracy parameter maps onto the notebook's fidelity-error threshold.",False,basis_change_plus_parity_cnot_plus_synthesized_rz,0.006493506493506494,0,168,90,45,4536,303,True,True,186,6,84,44,29,29,186,154,1.0,0,25872,13860,6930,698544,46662,28644,True,reported_at_empirical_r_star
0.3613206610032901,30.998164317538894,True,152,0.0009935974369666978,0.9990064025630333,9.18898307884497e-05,0.9999081101692116,152,0.0009935974369666978,True,152,0.0009935974369666978,resolved,random two-local,random_baseline,random_9,6,1.0,0.001,0.9424777960769379,500,152,False,45,0,45,0,45,15,0.8219624896216329,27.54268690677529,5.51389200524681,394,first_order_commutator_proxy,149846,proxy_not_certified_for_fidelity,299.6913446959478,"(t^2 / (2 r)) * sum_{a<b} ||[H_a, H_b]|| <= eps",False,placeholder_requires_theorem_specific_input,,missing_theorem_formula_or_constants,"Need the exact low-energy bound to implement, including constants, normalization/energy-shift conventions, and how its accuracy parameter maps onto the notebook's fidelity-error threshold.",False,basis_change_plus_parity_cnot_plus_synthesized_rz,0.006578947368421052,0,168,90,45,4540,303,True,True,186,6,84,44,29,29,186,152,1.0,0,25536,13680,6840,690080,46056,28272,True,reported_at_empirical_r_star
0.6169890914607392,31.749771023786707,True,149,0.0009920620927456048,0.9990079379072544,8.821460441676976e-05,0.9999117853955832,149,0.0009920620927456048,True,149,0.0009920620927456048,resolved,random two-local,random_baseline,random_9,6,1.0,0.001,1.0995574287564276,500,149,False,45,0,45,0,45,15,0.8219624896216329,27.54268690677529,5.51389200524681,394,first_order_commutator_proxy,149846,proxy_not_certified_for_fidelity,299.6913446959478,"(t^2 / (2 r)) * sum_{a<b} ||[H_a, H_b]|| <= eps",False,placeholder_requires_theorem_specific_input,,missing_theorem_formula_or_constants,"Need the exact low-energy bound to implement, including constants, normalization/energy-shift conventions, and how its accuracy parameter maps onto the notebook's fidelity-error threshold.",False,basis_change_plus_parity_cnot_plus_synthesized_rz,0.006711409395973154,0,168,90,45,4532,303,True,True,186,6,84,44,29,29,186,149,1.0,0,25032,13410,6705,675268,45147,27714,True,reported_at_empirical_r_star
0.7995472263853902,32.09515271427498,True,145,0.000995341886478207,0.9990046581135218,8.386636061774588e-05,0.9999161336393823,145,0.000995341886478207,True,145,0.000995341886478207,resolved,random two-local,random_baseline,random_9,6,1.0,0.001,1.2566370614359172,500,145,False,45,0,45,0,45,15,0.8219624896216329,27.54268690677529,5.51389200524681,394,first_order_commutator_proxy,149846,proxy_not_certified_for_fidelity,299.6913446959478,"(t^2 / (2 r)) * sum_{a<b} ||[H_a, H_b]|| <= eps",False,placeholder_requires_theorem_specific_input,,missing_theorem_formula_or_constants,"Need the exact low-energy bound to implement, including constants, normalization/energy-shift conventions, and how its accuracy parameter maps onto the notebook's fidelity-error threshold.",False,basis_change_plus_parity_cnot_plus_synthesized_rz,0.006896551724137931,0,168,90,45,4558,303,True,True,186,6,84,44,29,29,186,145,1.0,0,24360,13050,6525,660910,43935,26970,True,reported_at_empirical_r_star
0.8911250035734969,32.105233346291506,True,142,0.0009897627968634692,0.9990102372031365,8.001910326227435e-05,0.9999199808967377,142,0.0009897627968634692,True,142,0.0009897627968634692,resolved,random two-local,random_baseline,random_9,6,1.0,0.001,1.413716694115407,500,142,False,45,0,45,0,45,15,0.8219624896216329,27.54268690677529,5.51389200524681,394,first_order_commutator_proxy,149846,proxy_not_certified_for_fidelity,299.6913446959478,"(t^2 / (2 r)) * sum_{a<b} ||[H_a, H_b]|| <= eps",False,placeholder_requires_theorem_specific_input,,missing_theorem_formula_or_constants,"Need the exact low-energy bound to implement, including constants, normalization/energy-shift conventions, and how its accuracy parameter maps onto the notebook's fidelity-error threshold.",False,basis_change_plus_parity_cnot_plus_synthesized_rz,0.007042253521126761,0,168,90,45,4538,303,True,True,186,6,84,44,29,29,186,142,1.0,0,23856,12780,6390,644396,43026,26412,True,reported_at_empirical_r_star
0.8827581521339968,31.861925109433166,True,139,0.0009966798970707513,0.9990033201029292,7.723414107907445e-05,0.9999227658589209,139,0.0009966798970707513,True,139,0.0009966798970707513,resolved,random two-local,random_baseline,random_9,6,1.0,0.001,1.5707963267948966,500,139,False,45,0,45,0,45,15,0.8219624896216329,27.54268690677529,5.51389200524681,394,first_order_commutator_proxy,149846,proxy_not_certified_for_fidelity,299.6913446959478,"(t^2 / (2 r)) * sum_{a<b} ||[H_a, H_b]|| <= eps",False,placeholder_requires_theorem_specific_input,,missing_theorem_formula_or_constants,"Need the exact low-energy bound to implement, including constants, normalization/energy-shift conventions, and how its accuracy parameter maps onto the notebook's fidelity-error threshold.",False,basis_change_plus_parity_cnot_plus_synthesized_rz,0.007194244604316547,0,168,90,45,4556,303,True,True,186,6,84,44,29,29,186,139,1.0,0,23352,12510,6255,633284,42117,25854,True,reported_at_empirical_r_star
0.7752656777810684,31.41844570770408,True,137,0.000999273330706374,0.9990007266692936,7.522659800185405e-05,0.9999247734019981,137,0.000999273330706374,True,137,0.000999273330706374,resolved,random two-local,random_baseline,random_9,6,1.0,0.001,1.7278759594743862,500,137,False,45,0,45,0,45,15,0.8219624896216329,27.54268690677529,5.51389200524681,394,first_order_commutator_proxy,149846,proxy_not_certified_for_fidelity,299.6913446959478,"(t^2 / (2 r)) * sum_{a<b} ||[H_a, H_b]|| <= eps",False,placeholder_requires_theorem_specific_input,,missing_theorem_formula_or_constants,"Need the exact low-energy bound to implement, including constants, normalization/energy-shift conventions, and how its accuracy parameter maps onto the notebook's fidelity-error threshold.",False,basis_change_plus_parity_cnot_plus_synthesized_rz,0.0072992700729927005,0,168,90,45,4502,303,True,True,186,6,84,44,29,29,186,137,1.0,0,23016,12330,6165,616774,41511,25482,True,reported_at_empirical_r_star
0.5791696928484859,30.782878857714287,True,136,0.0009865211096105053,0.9990134788903895,7.316949099334114e-05,0.9999268305090067,136,0.0009865211096105053,True,136,0.0009865211096105053,resolved,random two-local,random_baseline,random_9,6,1.0,0.001,1.8849555921538759,500,136,False,45,0,45,0,45,15,0.8219624896216329,27.54268690677529,5.51389200524681,394,first_order_commutator_proxy,149846,proxy_not_certified_for_fidelity,299.6913446959478,"(t^2 / (2 r)) * sum_{a<b} ||[H_a, H_b]|| <= eps",False,placeholder_requires_theorem_specific_input,,missing_theorem_formula_or_constants,"Need the exact low-energy bound to implement, including constants, normalization/energy-shift conventions, and how its accuracy parameter maps onto the notebook's fidelity-error threshold.",False,basis_change_plus_parity_cnot_plus_synthesized_rz,0.007352941176470588,0,168,90,45,4550,303,True,True,186,6,84,44,29,29,186,136,1.0,0,22848,12240,6120,618800,41208,25296,True,reported_at_empirical_r_star
0.3136654386225147,29.93087676383537,True,133,0.0009914485428969,0.9990085514571031,7.03048333389189e-05,0.9999296951666611,133,0.0009914485428969,True,133,0.0009914485428969,resolved,random two-local,random_baseline,random_9,6,1.0,0.001,2.0420352248333655,500,133,False,45,0,45,0,45,15,0.8219624896216329,27.54268690677529,5.51389200524681,394,first_order_commutator_proxy,149846,proxy_not_certified_for_fidelity,299.6913446959478,"(t^2 / (2 r)) * sum_{a<b} ||[H_a, H_b]|| <= eps",False,placeholder_requires_theorem_specific_input,,missing_theorem_formula_or_constants,"Need the exact low-energy bound to implement, including constants, normalization/energy-shift conventions, and how its accuracy parameter maps onto the notebook's fidelity-error threshold.",False,basis_change_plus_parity_cnot_plus_synthesized_rz,0.007518796992481203,0,168,90,45,4552,303,True,True,186,6,84,44,29,29,186,133,1.0,0,22344,11970,5985,605416,40299,24738,True,reported_at_empirical_r_star
0.00474232138370833,28.841107003695335,True,129,0.0009964319823415613,0.9990035680176584,6.64616959347164e-05,0.9999335383040653,129,0.0009964319823415613,True,129,0.0009964319823415613,resolved,random two-local,random_baseline,random_9,6,1.0,0.001,2.199114857512855,500,129,False,45,0,45,0,45,15,0.8219624896216329,27.54268690677529,5.51389200524681,394,first_order_commutator_proxy,149846,proxy_not_certified_for_fidelity,299.6913446959478,"(t^2 / (2 r)) * sum_{a<b} ||[H_a, H_b]|| <= eps",False,placeholder_requires_theorem_specific_input,,missing_theorem_formula_or_constants,"Need the exact low-energy bound to implement, including constants, normalization/energy-shift conventions, and how its accuracy parameter maps onto the notebook's fidelity-error threshold.",False,basis_change_plus_parity_cnot_plus_synthesized_rz,0.007751937984496124,0,168,90,45,4552,303,True,True,186,6,84,44,29,29,186,129,1.0,0,21672,11610,5805,587208,39087,23994,True,reported_at_empirical_r_star
-0.3173601117586775,27.53734488219447,True,125,0.0009929122254369593,0.999007087774563,6.220424757530374e-05,0.9999377957524247,125,0.0009929122254369593,True,125,0.0009929122254369593,resolved,random two-local,random_baseline,random_9,6,1.0,0.001,2.356194490192345,500,125,False,45,0,45,0,45,15,0.8219624896216329,27.54268690677529,5.51389200524681,394,first_order_commutator_proxy,149846,proxy_not_certified_for_fidelity,299.6913446959478,"(t^2 / (2 r)) * sum_{a<b} ||[H_a, H_b]|| <= eps",False,placeholder_requires_theorem_specific_input,,missing_theorem_formula_or_constants,"Need the exact low-energy bound to implement, including constants, normalization/energy-shift conventions, and how its accuracy parameter maps onto the notebook's fidelity-error threshold.",False,basis_change_plus_parity_cnot_plus_synthesized_rz,0.008,0,168,90,45,4516,303,True,True,186,6,84,44,29,29,186,125,1.0,0,21000,11250,5625,564500,37875,23250,True,reported_at_empirical_r_star
-0.6211122304290517,26.117810721077916,True,121,0.00099664328964566,0.9990033567103543,5.8568752685284053e-05,0.9999414312473147,121,0.00099664328964566,True,121,0.00099664328964566,resolved,random two-local,random_baseline,random_9,6,1.0,0.001,2.5132741228718345,500,121,False,45,0,45,0,45,15,0.8219624896216329,27.54268690677529,5.51389200524681,394,first_order_commutator_proxy,149846,proxy_not_certified_for_fidelity,299.6913446959478,"(t^2 / (2 r)) * sum_{a<b} ||[H_a, H_b]|| <= eps",False,placeholder_requires_theorem_specific_input,,missing_theorem_formula_or_constants,"Need the exact low-energy bound to implement, including constants, normalization/energy-shift conventions, and how its accuracy parameter maps onto the notebook's fidelity-error threshold.",False,basis_change_plus_parity_cnot_plus_synthesized_rz,0.008264462809917356,0,168,90,45,4520,303,True,True,186,6,84,44,29,29,186,121,1.0,0,20328,10890,5445,546920,36663,22506,True,reported_at_empirical_r_star
-0.8767806608865016,24.75678555164571,True,119,0.000993073738259409,0.9990069262617406,5.653135624483774e-05,0.9999434686437552,119,0.000993073738259409,True,119,0.000993073738259409,resolved,random two-local,random_baseline,random_9,6,1.0,0.001,2.670353755551324,500,119,False,45,0,45,0,45,15,0.8219624896216329,27.54268690677529,5.51389200524681,394,first_order_commutator_proxy,149846,proxy_not_certified_for_fidelity,299.6913446959478,"(t^2 / (2 r)) * sum_{a<b} ||[H_a, H_b]|| <= eps",False,placeholder_requires_theorem_specific_input,,missing_theorem_formula_or_constants,"Need the exact low-energy bound to implement, including constants, normalization/energy-shift conventions, and how its accuracy parameter maps onto the notebook's fidelity-error threshold.",False,basis_change_plus_parity_cnot_plus_synthesized_rz,0.008403361344537815,0,168,90,45,4520,303,True,True,186,6,84,44,29,29,186,119,1.0,0,19992,10710,5355,537880,36057,22134,True,reported_at_empirical_r_star
-1.0593387958111529,23.67405750746188,True,119,0.000990458196339361,0.9990095418036606,5.6447645144452885e-05,0.9999435523548555,119,0.000990458196339361,True,119,0.000990458196339361,resolved,random two-local,random_baseline,random_9,6,1.0,0.001,2.827433388230814,500,119,False,45,0,45,0,45,15,0.8219624896216329,27.54268690677529,5.51389200524681,394,first_order_commutator_proxy,149846,proxy_not_certified_for_fidelity,299.6913446959478,"(t^2 / (2 r)) * sum_{a<b} ||[H_a, H_b]|| <= eps",False,placeholder_requires_theorem_specific_input,,missing_theorem_formula_or_constants,"Need the exact low-energy bound to implement, including constants, normalization/energy-shift conventions, and how its accuracy parameter maps onto the notebook's fidelity-error threshold.",False,basis_change_plus_parity_cnot_plus_synthesized_rz,0.008403361344537815,0,168,90,45,4520,303,True,True,186,6,84,44,29,29,186,119,1.0,0,19992,10710,5355,537880,36057,22134,True,reported_at_empirical_r_star
-1.1509165729992596,23.08034387686952,True,120,0.00099645934460324,0.9990035406553968,5.775607158275964e-05,0.9999422439284172,120,0.00099645934460324,True,120,0.00099645934460324,resolved,random two-local,random_baseline,random_9,6,1.0,0.001,2.9845130209103035,500,120,False,45,0,45,0,45,15,0.8219624896216329,27.54268690677529,5.51389200524681,394,first_order_commutator_proxy,149846,proxy_not_certified_for_fidelity,299.6913446959478,"(t^2 / (2 r)) * sum_{a<b} ||[H_a, H_b]|| <= eps",False,placeholder_requires_theorem_specific_input,,missing_theorem_formula_or_constants,"Need the exact low-energy bound to implement, including constants, normalization/energy-shift conventions, and how its accuracy parameter maps onto the notebook's fidelity-error threshold.",False,basis_change_plus_parity_cnot_plus_synthesized_rz,0.008333333333333333,0,168,90,45,4530,303,True,True,186,6,84,44,29,29,186,120,1.0,0,20160,10800,5400,543600,36360,22320,True,reported_at_empirical_r_star
-1.1425497215597589,23.116660438771707,True,122,0.000989019176886985,0.999010980823113,5.9193972128390726e-05,0.9999408060278716,122,0.000989019176886985,True,122,0.000989019176886985,resolved,random two-local,random_baseline,random_9,6,1.0,0.001,3.141592653589793,500,122,False,45,0,45,0,45,15,0.8219624896216329,27.54268690677529,5.51389200524681,394,first_order_commutator_proxy,149846,proxy_not_certified_for_fidelity,299.6913446959478,"(t^2 / (2 r)) * sum_{a<b} ||[H_a, H_b]|| <= eps",False,placeholder_requires_theorem_specific_input,,missing_theorem_formula_or_constants,"Need the exact low-energy bound to implement, including constants, normalization/energy-shift conventions, and how its accuracy parameter maps onto the notebook's fidelity-error threshold.",False,basis_change_plus_parity_cnot_plus_synthesized_rz,0.00819672131147541,0,168,90,45,4544,303,True,True,186,6,84,44,29,29,186,122,1.0,0,20496,10980,5490,554368,36966,22692,True,reported_at_empirical_r_star
